#FILE	NUM_FOUND	APECO1_3695	APECO1_3696	APECO1_3702	APECO1_3715	EC55989_3335	EC55989_3339	EC958_3095	ECABU_c31070	ECNA114_2858	ECO103_3357	ECO103_3359	ECO103_3363	ECO103_3368	ECO103_3369	ECO103_3373	ECO103_3374	ECP_2802	ECP_2814	ECP_2815	ECP_2822	ECS88_3547	ECs3712	ECs3728	EcE24377A_0237	EcE24377A_3124	EcE24377A_3125	EcE24377A_3126	EcE24377A_3127	EcE24377A_3130	EcE24377A_3135	G2583_0236	LF82_432	O3M_20335	UMNK88_238	UTI89_C3194	Z0263	Z0265	Z1307	Z2200	Z2201	Z2203	Z2204	Z2206	aaiW	aatA	aec15	aec16	aec17	aec18	aec19	aec22	aec23	aec24	aec25	aec26	aec28	aec29	aec30	aec31	aec32	aec7	agn43	artj	aslA	astA	avian-hlye	b2854	b2972	c3385	c3386	c3400	c3610	cadA	cah	ccdb	cdiA	cdiB	cfaA	cfaB	cfaC	cfaD	cheA	cheB	cheR	cheW	cheY	cheZ	chuA	chuS	chuT	chuU	chuV	chuW	chuX	chuY	cib	clpV	cma	csa	csgA	csgB	csgC	csgD	csgE	csgF	csgG	cvac	eaeH	ecpA	ecpB	ecpC	ecpD	ecpE	ecpR	ehaA	ehaB	eivA	eivC	eivE	eivF	eivG	eivI	eivJ	entA	entB	entC	entD	entE	entF	entS	epaO	epaP	epaQ	epaR	epaS	eprH	eprI	eprJ	eprK	espL1	espL3	espL4	espR1	espR2	espR4	espX1	espX2	espX3	espX4	espX5	espY1	espY2	espY3	espY4	etrA	fepA	fepB	fepC	fepD	fepE	fepG	fes	fimA	fimB	fimC	fimD	fimE	fimF	fimG	fimH	fimI	flgA	flgB	flgC	flgD	flgE	flgF	flgG	flgH	flgI	flgJ	flgK	flgL	flgN	flhA	flhB	flhC	flhD	flhE	fliA	fliC	fliD	fliE	fliF	fliG	fliH	fliI	fliJ	fliK	fliL	fliM	fliN	fliO	fliP	fliQ	fliR	fliS	fliT	fliY	fliZ	flk	fyuA	gadX	gspC	gspD	gspE	gspF	gspG	gspH	gspI	gspJ	gspK	gspL	gspM	gspo	hcp	hlyE	hma	hofB	hofC	hofq	ibeB	ibeC	int	ipad	ireA	iroB	iroC	iroD	iroE	iroN	irp1	irp2	iss2	iucA	iucB	iucC	iucD	iutA	lpfao113	malx	matF	mchf	mcja	motA	motB	mtfa	nada	nadb	ompA	ompt	orgA	orgB	pECS88_0104	paa	papA	papB	papC	papD	papE	papF	papG	papH	papI	papJ	papK	papX	pic	pixA	pixB	pixC	pixD	pixF	pixG	pixH	pixJ	pkgA	ppdD	ppda	ppdb	ppdc	sitA	sitB	sitC	sitD	stgA	stgB	stgC	stgD	tar/cheM	tia	traJ	trat	upaG/ehaG	vat	vgrG	ybtA	ybtE	ybtP	ybtQ	ybtS	ybtT	ybtU	ybtX	ycbF	ycbQ	ycbR	ycbS	ycbT	ycbU	ycbV	ycfz	ygdb	ygeG	ygeH	yggr	yghg	yjaa
AA_CKDN230030154-1A_HGKHYDSX7_L2_Abricate_ecoli_vf.tsv	183	.	.	.	.	.	.	.	.	.	.	.	.	.	.	.	.	.	.	.	.	100.00	100.00	.	.	.	.	.	.	.	.	.	.	.	100.00	.	100.00	100.00	100.00	100.00	100.00	.	100.00	100.00	.	100.00	.	.	100.00	100.00	100.00	100.00	100.00	100.00	100.00	100.00	100.00	100.00	.	.	100.00	.	.	100.00	.	.	.	100.00	100.00	.	.	.	.	100.00	.	.	.	.	100.00	100.00	100.00	100.00	100.00	100.00	100.00	100.00	100.00	100.00	.	.	.	.	.	.	.	.	100.00	100.00	.	.	99.35	100.00	100.00	100.00	100.00	100.00	100.00	.	100.00	100.00	100.00	100.00	100.00	.	100.00	100.00	100.00	.	.	.	.	.	.	.	100.00	100.00	100.00	100.00	100.00	99.28	100.00	100.00	100.00	100.00	99.15	99.91	.	100.00	99.70	100.00	100.00	100.00	100.00	100.00	.	.	100.00	.	.	99.94	100.00	.	.	.	.	100.00	100.00	100.00	100.00	100.00	100.00	100.00	100.00	100.00	100.00	100.00	100.00;100.00	100.00	100.00	100.00;100.00	100.00	100.00	100.00	100.00	100.00	100.00	100.00	100.00	100.00	100.00	100.00	100.00	100.00	100.00	100.00	99.90	100.00	100.00	100.00	100.00	100.00	.	100.00	99.68	100.00	100.00	100.00	99.64	100.00	100.00	100.00	100.00	100.00	100.00	100.00	100.00	99.75	100.00	100.00	100.00	100.00	99.90	.	100.00	100.00	100.00	100.00	100.00	100.00	100.00	100.00	99.67	100.00	100.00	100.00	.	100.00	100.00	.	100.00	100.00	100.00	100.00	100.00	.	.	.	.	.	.	.	.	.	.	.	.	.	.	.	.	100.00	.	100.00	.	.	100.00	100.00	.	100.00	100.00	.	.	100.00	100.00	.	.	.	100.00	.	.	.	.	.	.	97.06	.	.	.	.	.	.	.	.	.	.	.	.	.	100.00	100.00	100.00	100.00	.	.	.	.	.	100.00	100.00	100.00	100.00	100.00	.	.	100.00	.	.	.	.	.	.	.	.	.	.	100.00	100.00	100.00	100.00	100.00	100.00	100.00	99.87	100.00	98.98	100.00	100.00	100.00	.
AB_CKDN230030155-1A_HGKHYDSX7_L2_Abricate_ecoli_vf.tsv	195	.	.	.	.	.	.	94.12	.	100.00	100.00	100.00	99.66	100.00	.	100.00	100.00	.	.	.	.	100.00	100.00	.	.	100.00	.	100.00	100.00	99.44	100.00	.	.	100.00	.	.	100.00	100.00	100.00	100.00	100.00	.	.	100.00	.	.	.	.	100.00	100.00	100.00	100.00	100.00	100.00	100.00	100.00	100.00	100.00	100.00	100.00	100.00	.	.	100.00	.	.	.	100.00	100.00	.	.	99.93	.	100.00	.	.	.	.	100.00	100.00	100.00	100.00	100.00	100.00	100.00	100.00	100.00	100.00	.	.	.	.	.	.	.	.	100.00	100.00	.	.	99.35	100.00	100.00	100.00	100.00	100.00	100.00	.	100.00	100.00	100.00	100.00	100.00	.	100.00	100.00	100.00	.	.	.	.	.	.	.	100.00	100.00	100.00	100.00	100.00	98.66	100.00	100.00	100.00	99.62	99.15	99.91	100.00	100.00	99.70	100.00	100.00	100.00	99.94	100.00	.	.	99.93	.	.	99.94	100.00	.	.	.	.	100.00	100.00	100.00	100.00	100.00	100.00	100.00	100.00	100.00	100.00	100.00	100.00;100.00	100.00	100.00;100.00	100.00;100.00	100.00	100.00	100.00	100.00	100.00	100.00	100.00	100.00	100.00	100.00	100.00	100.00	100.00	100.00	100.00	99.90	100.00	100.00	100.00	100.00	100.00	.	.	100.00	100.00	100.00	100.00	100.00	100.00	100.00	100.00	100.00	100.00	100.00	100.00	100.00	100.00	94.65	100.00	100.00	100.00	99.90	.	100.00	100.00	100.00	100.00	100.00	100.00	100.00	100.00	100.00	100.00	100.00	100.00	.	100.00	99.91	.	100.00	100.00	100.00	100.00	100.00	.	.	.	.	.	.	.	.	.	.	.	.	.	.	.	.	.	.	100.00	.	.	100.00	100.00	.	100.00	100.00	.	.	100.00	100.00	.	.	.	.	.	.	.	.	.	.	.	.	.	.	.	.	.	.	.	.	.	.	.	.	100.00	100.00	100.00	100.00	.	.	.	.	100.00	100.00	100.00	100.00	100.00	.	.	.	100.00	.	100.00	.	.	.	.	.	.	.	.	100.00	100.00	100.00	100.00	100.00	100.00	100.00	99.87	100.00	98.98	100.00	98.78	100.00	.
AB_CKDN230030155-1A_HGLMJDSX7_L1_Abricate_ecoli_vf.tsv	195	.	.	.	.	.	.	94.12	.	100.00	100.00	100.00	99.66	100.00	.	100.00	100.00	.	.	.	.	100.00	100.00	.	.	100.00	.	100.00	100.00	99.44	100.00	.	.	100.00	.	.	100.00	100.00	100.00	100.00	100.00	.	.	100.00	.	.	.	.	100.00	100.00	100.00	100.00	100.00	100.00	100.00	100.00	100.00	100.00	100.00	100.00	100.00	.	.	100.00	.	.	.	100.00	100.00	.	.	99.93	.	100.00	.	.	.	.	100.00	100.00	100.00	100.00	100.00	100.00	100.00	100.00	100.00	100.00	.	.	.	.	.	.	.	.	100.00	100.00	.	.	99.35	100.00	100.00	100.00	100.00	100.00	100.00	.	100.00	100.00	100.00	100.00	100.00	.	100.00	100.00	100.00	.	.	.	.	.	.	.	100.00	100.00	100.00	100.00	100.00	98.66	100.00	100.00	100.00	99.62	99.15	99.91	100.00	100.00	99.70	100.00	100.00	100.00	99.94	100.00	.	.	99.93	.	.	99.94	100.00	.	.	.	.	100.00	100.00	100.00	100.00	100.00	100.00	100.00	100.00	100.00	100.00	100.00	100.00;100.00	100.00	100.00;100.00	100.00;100.00	100.00	100.00	100.00	100.00	100.00	100.00	100.00	100.00	100.00	100.00	100.00	100.00	100.00	100.00	100.00	99.90	100.00	100.00	100.00	100.00	100.00	.	.	100.00	100.00	100.00	100.00	100.00	100.00	100.00	100.00	100.00	100.00	100.00	100.00	100.00	100.00	94.65	100.00	100.00	100.00	99.90	.	100.00	100.00	100.00	100.00	100.00	100.00	100.00	100.00	100.00	100.00	100.00	100.00	.	100.00	99.91	.	100.00	100.00	100.00	100.00	100.00	.	.	.	.	.	.	.	.	.	.	.	.	.	.	.	.	.	.	100.00	.	.	100.00	100.00	.	100.00	100.00	.	.	100.00	100.00	.	.	.	.	.	.	.	.	.	.	.	.	.	.	.	.	.	.	.	.	.	.	.	.	100.00	100.00	100.00	100.00	.	.	.	.	100.00	100.00	100.00	100.00	100.00	.	.	.	100.00	.	100.00	.	.	.	.	.	.	.	.	100.00	100.00	100.00	100.00	100.00	100.00	100.00	99.87	100.00	98.98	100.00	98.78	100.00	.
AC_CKDN230030156-1A_HGKHYDSX7_L2_Abricate_ecoli_vf.tsv	0	.	.	.	.	.	.	.	.	.	.	.	.	.	.	.	.	.	.	.	.	.	.	.	.	.	.	.	.	.	.	.	.	.	.	.	.	.	.	.	.	.	.	.	.	.	.	.	.	.	.	.	.	.	.	.	.	.	.	.	.	.	.	.	.	.	.	.	.	.	.	.	.	.	.	.	.	.	.	.	.	.	.	.	.	.	.	.	.	.	.	.	.	.	.	.	.	.	.	.	.	.	.	.	.	.	.	.	.	.	.	.	.	.	.	.	.	.	.	.	.	.	.	.	.	.	.	.	.	.	.	.	.	.	.	.	.	.	.	.	.	.	.	.	.	.	.	.	.	.	.	.	.	.	.	.	.	.	.	.	.	.	.	.	.	.	.	.	.	.	.	.	.	.	.	.	.	.	.	.	.	.	.	.	.	.	.	.	.	.	.	.	.	.	.	.	.	.	.	.	.	.	.	.	.	.	.	.	.	.	.	.	.	.	.	.	.	.	.	.	.	.	.	.	.	.	.	.	.	.	.	.	.	.	.	.	.	.	.	.	.	.	.	.	.	.	.	.	.	.	.	.	.	.	.	.	.	.	.	.	.	.	.	.	.	.	.	.	.	.	.	.	.	.	.	.	.	.	.	.	.	.	.	.	.	.	.	.	.	.	.	.	.	.	.	.	.	.	.	.	.	.	.	.	.	.	.	.	.	.	.	.	.	.	.	.	.	.	.	.	.	.	.	.	.	.	.	.	.
AD_CKDN230030157-1A_HGKHYDSX7_L2_Abricate_ecoli_vf.tsv	140	.	.	.	.	.	.	.	.	.	.	.	.	.	.	.	.	.	.	.	.	100.00	.	.	.	.	.	.	.	.	.	.	.	.	.	.	.	.	100.00	.	.	.	.	100.00	.	.	.	.	.	.	.	.	.	.	.	.	.	.	.	.	.	.	.	100.00	100.00	.	.	.	100.00	.	.	.	.	100.00	.	.	.	.	.	.	.	.	100.00	100.00	100.00	100.00	100.00	100.00	.	.	.	.	.	.	.	.	.	.	.	.	99.35	100.00	100.00	100.00	100.00	100.00	100.00	.	.	100.00	100.00	100.00	100.00	99.60	100.00	.	99.33	.	.	.	.	.	.	.	100.00	100.00	100.00	100.00	100.00	99.28	100.00	100.00	100.00	100.00	99.15	98.22	.	.	.	.	100.00	100.00	100.00	99.92	.	.	.	.	.	100.00	100.00	99.73	.	.	.	.	100.00	100.00	100.00	100.00	100.00	100.00	100.00	100.00	100.00	100.00	100.00	100.00	100.00;100.00	100.00;100.00	100.00	99.25	100.00	100.00	100.00	100.00	100.00	100.00	100.00	100.00	100.00	100.00	100.00	100.00	100.00	99.90	100.00	100.00	100.00	100.00	100.00	.	.	100.00	100.00	100.00	100.00	100.00	100.00	100.00	100.00	100.00	100.00	100.00	100.00	100.00	100.00	94.65	100.00	100.00	100.00	100.00	.	100.00	100.00	100.00	100.00	100.00	100.00	100.00	100.00	100.00	100.00	100.00	100.00	100.00	.	100.00	.	100.00	100.00	100.00	99.93	100.00	.	.	.	.	.	.	.	.	.	.	.	.	.	.	.	.	.	.	.	.	.	100.00	100.00	.	100.00	100.00	.	.	.	.	.	.	.	.	.	.	.	.	.	.	.	.	.	.	.	.	.	.	.	.	.	.	.	.	100.00	100.00	100.00	100.00	.	.	.	.	.	.	.	.	100.00	.	.	.	.	.	.	.	.	.	.	.	.	.	.	100.00	100.00	100.00	100.00	100.00	100.00	100.00	99.87	100.00	.	.	100.00	100.00	100.00
AD_CKDN230030157-1A_HGKYJDSX7_L1_Abricate_ecoli_vf.tsv	140	.	.	.	.	.	.	.	.	.	.	.	.	.	.	.	.	.	.	.	.	100.00	.	.	.	.	.	.	.	.	.	.	.	.	.	.	.	.	100.00	.	.	.	.	100.00	.	.	.	.	.	.	.	.	.	.	.	.	.	.	.	.	.	.	.	100.00	100.00	.	.	.	100.00	.	.	.	.	100.00	.	.	.	.	.	.	.	.	100.00	100.00	100.00	100.00	100.00	100.00	.	.	.	.	.	.	.	.	.	.	.	.	99.35	100.00	100.00	100.00	100.00	100.00	100.00	.	.	100.00	100.00	100.00	100.00	99.60	100.00	.	99.33	.	.	.	.	.	.	.	100.00	100.00	100.00	100.00	100.00	99.28	100.00	100.00	100.00	100.00	99.15	98.22	.	.	.	.	100.00	100.00	100.00	99.92	.	.	.	.	.	100.00	100.00	99.73	.	.	.	.	100.00	100.00	100.00	100.00	100.00	100.00	100.00	100.00	100.00	100.00	100.00	100.00	100.00;100.00	100.00;100.00	100.00	99.25	100.00	100.00	100.00	100.00	100.00	100.00	100.00	100.00	100.00	100.00	100.00	100.00	100.00	99.90	100.00	100.00	100.00	100.00	100.00	.	.	100.00	100.00	100.00	100.00	100.00	100.00	100.00	100.00	100.00	100.00	100.00	100.00	100.00	100.00	94.65	100.00	100.00	100.00	100.00	.	100.00	100.00	100.00	100.00	100.00	100.00	100.00	100.00	100.00	100.00	100.00	100.00	100.00	.	100.00	.	100.00	100.00	100.00	99.93	100.00	.	.	.	.	.	.	.	.	.	.	.	.	.	.	.	.	.	.	.	.	.	100.00	100.00	.	100.00	100.00	.	.	.	.	.	.	.	.	.	.	.	.	.	.	.	.	.	.	.	.	.	.	.	.	.	.	.	.	100.00	100.00	100.00	100.00	.	.	.	.	.	.	.	.	100.00	.	.	.	.	.	.	.	.	.	.	.	.	.	.	100.00	100.00	100.00	100.00	100.00	100.00	100.00	99.87	100.00	.	.	100.00	100.00	100.00
AE_CKDN230030158-1A_HGKHYDSX7_L2_Abricate_ecoli_vf.tsv	0	.	.	.	.	.	.	.	.	.	.	.	.	.	.	.	.	.	.	.	.	.	.	.	.	.	.	.	.	.	.	.	.	.	.	.	.	.	.	.	.	.	.	.	.	.	.	.	.	.	.	.	.	.	.	.	.	.	.	.	.	.	.	.	.	.	.	.	.	.	.	.	.	.	.	.	.	.	.	.	.	.	.	.	.	.	.	.	.	.	.	.	.	.	.	.	.	.	.	.	.	.	.	.	.	.	.	.	.	.	.	.	.	.	.	.	.	.	.	.	.	.	.	.	.	.	.	.	.	.	.	.	.	.	.	.	.	.	.	.	.	.	.	.	.	.	.	.	.	.	.	.	.	.	.	.	.	.	.	.	.	.	.	.	.	.	.	.	.	.	.	.	.	.	.	.	.	.	.	.	.	.	.	.	.	.	.	.	.	.	.	.	.	.	.	.	.	.	.	.	.	.	.	.	.	.	.	.	.	.	.	.	.	.	.	.	.	.	.	.	.	.	.	.	.	.	.	.	.	.	.	.	.	.	.	.	.	.	.	.	.	.	.	.	.	.	.	.	.	.	.	.	.	.	.	.	.	.	.	.	.	.	.	.	.	.	.	.	.	.	.	.	.	.	.	.	.	.	.	.	.	.	.	.	.	.	.	.	.	.	.	.	.	.	.	.	.	.	.	.	.	.	.	.	.	.	.	.	.	.	.	.	.	.	.	.	.	.	.	.	.	.	.	.	.	.	.	.	.
AF_CKDN230030159-1A_HGKHYDSX7_L2_Abricate_ecoli_vf.tsv	17	.	.	.	.	100.00	.	.	.	.	.	.	.	.	.	.	.	.	.	.	98.83	100.00	.	.	.	.	.	.	.	.	.	.	.	.	.	.	.	.	.	.	.	.	.	.	.	.	.	.	.	.	.	.	.	.	.	.	.	.	.	.	.	.	.	.	.	.	.	.	.	.	.	99.54	.	99.59	.	.	.	.	.	.	.	.	.	.	.	.	.	.	.	.	.	.	.	.	.	.	.	.	.	.	.	.	.	.	.	.	.	.	.	99.35	100.00	100.00	100.00	99.74	98.31	.	.	.	.	.	.	.	.	.	99.33	99.18	.	.	.	.	.	.	.	.	.	.	.	.	.	.	.	.	.	.	.	.	.	.	.	.	.	.	.	.	.	.	.	.	94.61	.	.	.	.	.	.	.	.	.	.	.	.	.	.	.	.	.	.	.	.	.	.	.	.	.	.	.	.	.	.	.	.	.	.	.	.	.	.	.	.	.	.	.	.	.	.	.	.	.	.	100.00	.	.	.	.	.	.	.	.	.	.	.	.	.	.	.	.	.	.	.	.	.	.	.	.	100.00	.	.	.	.	.	.	.	.	.	.	.	.	.	.	.	.	.	.	.	.	.	.	.	.	.	100.00	.	.	.	.	.	.	.	.	.	.	.	.	.	.	.	.	.	.	.	.	.	.	.	.	.	.	.	.	.	.	.	.	.	.	.	.	.	.	.	.	.	.	.	.	.	.	.	.	.	.	.	.	.	.	.	.	.	.	.	.	.	.	.	.	.	.	.	.
AG_CKDN230030160-1A_HGKHYDSX7_L2_Abricate_ecoli_vf.tsv	195	.	.	.	.	.	.	94.12	.	100.00	100.00	100.00	99.66	100.00	.	100.00	100.00	.	.	.	.	100.00	100.00	.	.	100.00	.	100.00	100.00	99.44	100.00	.	.	100.00	.	.	100.00	100.00	100.00	100.00	100.00	.	.	100.00	.	.	.	.	100.00	100.00	100.00	100.00	100.00	100.00	100.00	100.00	100.00	100.00	100.00	100.00	100.00	.	.	100.00	.	.	.	100.00	100.00	.	.	99.93	.	100.00	.	.	.	.	100.00	100.00	100.00	100.00	100.00	100.00	100.00	100.00	100.00	100.00	.	.	.	.	.	.	.	.	100.00	100.00	.	.	99.35	100.00	100.00	100.00	100.00	100.00	100.00	.	100.00	100.00	100.00	100.00	100.00	.	100.00	100.00	100.00	.	.	.	.	.	.	.	100.00	100.00	100.00	100.00	100.00	98.66	100.00	100.00	100.00	99.62	99.15	99.91	100.00	100.00	99.70	100.00	100.00	100.00	99.94	100.00	.	.	99.93	.	.	99.94	100.00	.	.	.	.	100.00	100.00	100.00	100.00	100.00	100.00	100.00	100.00	100.00	100.00	100.00	100.00;100.00	100.00	100.00;100.00	100.00;100.00	100.00	100.00	100.00	100.00	100.00	100.00	100.00	100.00	100.00	100.00	100.00	100.00	100.00	100.00	100.00	99.90	100.00	100.00	100.00	100.00	100.00	.	.	100.00	100.00	100.00	100.00	100.00	100.00	100.00	100.00	100.00	100.00	100.00	100.00	100.00	100.00	94.65	100.00	100.00	100.00	99.90	.	100.00	100.00	100.00	100.00	100.00	100.00	100.00	100.00	100.00	100.00	100.00	100.00	.	100.00	99.91	.	100.00	100.00	100.00	100.00	100.00	.	.	.	.	.	.	.	.	.	.	.	.	.	.	.	.	.	.	100.00	.	.	100.00	100.00	.	100.00	100.00	.	.	100.00	100.00	.	.	.	.	.	.	.	.	.	.	.	.	.	.	.	.	.	.	.	.	.	.	.	.	100.00	100.00	100.00	100.00	.	.	.	.	100.00	100.00	100.00	100.00	100.00	.	.	.	100.00	.	100.00	.	.	.	.	.	.	.	.	100.00	100.00	100.00	100.00	100.00	100.00	100.00	99.87	100.00	98.98	100.00	98.78	100.00	.
AH_CKDN230030161-1A_HGKHYDSX7_L2_Abricate_ecoli_vf.tsv	25	.	.	.	.	99.19	.	.	.	.	.	.	.	.	.	.	.	.	.	.	.	100.00	.	.	.	.	.	.	.	.	.	.	.	.	.	.	.	.	99.04	.	.	.	.	.	.	.	.	.	.	.	.	.	.	.	.	.	.	.	.	.	.	.	.	.	.	.	.	.	.	.	.	.	.	.	.	.	.	.	.	.	.	.	.	99.81	.	97.02	100.00	.	.	.	.	.	.	.	.	.	.	.	.	.	.	.	.	.	.	.	100.00	.	.	.	.	.	.	.	.	.	.	.	.	.	.	.	.	.	.	.	.	.	.	.	.	.	.	.	.	.	.	.	.	.	.	.	.	.	.	.	.	.	.	.	.	.	.	.	.	.	.	.	.	.	.	.	.	.	.	.	.	.	.	.	.	.	.	.	100.00	.	.	.	100.00	99.71	95.54	.	.	.	.	99.52	.	99.83	.	.	99.86	.	.	97.46	.	99.80	.	98.98	.	.	.	100.00	99.76	.	91.06	98.52	.	.	.	100.00	.	.	.	.	.	.	.	.	.	.	.	.	.	.	.	.	.	.	.	.	.	.	.	.	.	.	.	.	.	.	.	.	.	.	.	.	.	.	.	.	.	.	.	.	.	100.00	85.11	.	.	98.77	.	.	.	.	.	.	.	.	.	.	.	.	.	.	.	.	.	.	.	.	.	.	.	.	.	.	.	.	.	.	.	.	.	.	.	.	.	.	.	.	.	.	.	.	.	.	.	.	.	.	.	.	.	.	.	.	.	.	.	.	.	.	.	.	.	.	.	.	.
AH_CKDN230030161-1A_HGKYJDSX7_L1_Abricate_ecoli_vf.tsv	25	.	.	.	.	99.19	.	.	.	.	.	.	.	.	.	.	.	.	.	.	.	100.00	.	.	.	.	.	.	.	.	.	.	.	.	.	.	.	.	99.04	.	.	.	.	.	.	.	.	.	.	.	.	.	.	.	.	.	.	.	.	.	.	.	.	.	.	.	.	.	.	.	.	.	.	.	.	.	.	.	.	.	.	.	.	99.81	.	97.02	100.00	.	.	.	.	.	.	.	.	.	.	.	.	.	.	.	.	.	.	.	100.00	.	.	.	.	.	.	.	.	.	.	.	.	.	.	.	.	.	.	.	.	.	.	.	.	.	.	.	.	.	.	.	.	.	.	.	.	.	.	.	.	.	.	.	.	.	.	.	.	.	.	.	.	.	.	.	.	.	.	.	.	.	.	.	.	.	.	.	100.00	.	.	.	100.00	99.71	95.54	.	.	.	.	99.52	.	99.83	.	.	99.86	.	.	97.46	.	99.80	.	98.98	.	.	.	100.00	99.76	.	91.06	98.52	.	.	.	100.00	.	.	.	.	.	.	.	.	.	.	.	.	.	.	.	.	.	.	.	.	.	.	.	.	.	.	.	.	.	.	.	.	.	.	.	.	.	.	.	.	.	.	.	.	.	100.00	85.11	.	.	98.77	.	.	.	.	.	.	.	.	.	.	.	.	.	.	.	.	.	.	.	.	.	.	.	.	.	.	.	.	.	.	.	.	.	.	.	.	.	.	.	.	.	.	.	.	.	.	.	.	.	.	.	.	.	.	.	.	.	.	.	.	.	.	.	.	.	.	.	.	.
AI_CKDN230030162-1A_HGKHYDSX7_L2_Abricate_ecoli_vf.tsv	90	.	.	.	.	.	.	.	.	.	.	.	.	.	.	.	.	.	.	.	.	100.00	100.00	.	.	.	.	.	.	.	.	.	.	.	92.06	.	.	100.00	.	100.00	100.00	.	.	95.85	.	100.00	.	.	100.00	100.00	.	.	.	100.00	.	.	.	100.00	.	.	100.00	.	.	.	90.27	100.00	.	100.00	.	.	.	.	.	.	100.00	.	.	.	100.00	100.00	100.00	100.00	100.00	.	100.00	100.00	100.00	100.00	.	.	.	.	.	.	.	.	100.00	.	.	.	.	100.00	.	100.00	100.00	100.00	.	.	.	80.74	100.00	83.02	.	.	.	100.00	.	.	.	.	.	.	.	.	.	.	.	.	.	.	.	.	100.00	100.00	.	.	.	100.00	99.70	.	.	.	.	.	.	.	100.00	.	.	86.08	.	99.87	100.00	.	.	100.00	.	.	100.00	.	84.83	.	.	100.00	100.00	.	.	100.00	.	.	.	.	100.00	100.00	100.00	100.00	.	.	100.00	100.00	100.00	90.66	.	.	82.01	.	100.00	.	100.00	.	80.69	.	.	86.67	.	.	.	85.01	.	.	.	.	100.00	.	88.62	80.00	100.00	.	.	.	.	.	.	100.00	.	.	.	.	.	.	100.00	.	.	.	.	100.00	94.03	.	.	100.00	.	.	.	.	.	.	.	.	.	.	.	.	.	.	.	.	.	.	.	.	100.00	.	.	.	.	.	100.00	.	100.00	.	.	.	.	100.00	.	.	.	100.00	.	.	.	.	.	.	97.06	.	.	.	.	.	.	.	.	.	.	.	.	.	100.00	85.99	.	100.00	.	.	.	.	.	100.00	100.00	100.00	.	.	.	.	100.00	.	.	.	.	.	.	.	.	.	.	.	100.00;100.00	.	.	.	100.00	.	.	.	98.98	100.00	.	.	100.00
AJ_CKDN230030163-1A_HGKHYDSX7_L2_Abricate_ecoli_vf.tsv	207	.	.	100.00	.	.	.	94.12	.	100.00	100.00	100.00	99.66	.	.	100.00	100.00	.	100.00	.	.	100.00	100.00	.	.	100.00	.	100.00	100.00	99.44	100.00	.	.	.	100.00	.	100.00	100.00	100.00	100.00	100.00	.	100.00	100.00	.	100.00	.	.	100.00	100.00	100.00	100.00	100.00	100.00	100.00	100.00	100.00	100.00	100.00	100.00	100.00	.	.	100.00	.	.	.	100.00	100.00	.	.	99.93	.	100.00	.	.	.	.	100.00	100.00	100.00	100.00	100.00	100.00	100.00	100.00	100.00	100.00	.	.	.	.	.	.	.	.	.	99.78	.	.	99.35	100.00	100.00	100.00	100.00	100.00	100.00	.	100.00	100.00	100.00	100.00	100.00	.	100.00	.	100.00	.	.	.	.	.	.	.	100.00	100.00	100.00	100.00	100.00	99.28	99.92	100.00	100.00	99.62	99.15	99.91	100.00	100.00	99.70	100.00	99.95	100.00	99.94	100.00	.	.	100.00	.	.	99.94	100.00	.	.	.	.	100.00	100.00	100.00	100.00	100.00	100.00	100.00	100.00	100.00	100.00	100.00	100.00;100.00	100.00	100.00	100.00;100.00	100.00	100.00;100.00	100.00	100.00	100.00	100.00	100.00	100.00	100.00	100.00	100.00	100.00	100.00	100.00	100.00	99.90	100.00	100.00	100.00	100.00	100.00	100.00	100.00	100.00	100.00	100.00	100.00	100.00	100.00	100.00	100.00	100.00	100.00	100.00	100.00	100.00	100.00	100.00	98.63	100.00	100.00	100.00	.	100.00	100.00	100.00	100.00	100.00	100.00	100.00	100.00	100.00	100.00	100.00	100.00	.	100.00	99.91	.	100.00	100.00	100.00	100.00	100.00	.	.	.	.	.	.	.	.	.	.	99.68	.	.	.	.	.	.	.	100.00	.	.	100.00	100.00	.	100.00	100.00	.	100.00	99.83	100.00	100.00	96.57	.	.	.	.	.	.	.	.	.	.	.	.	.	.	.	99.77	100.00	.	.	100.00	.	.	100.00	100.00	100.00	100.00	.	.	.	.	100.00	100.00	100.00	99.44	100.00	.	99.83	100.00	100.00	.	100.00	.	.	.	.	.	.	.	.	100.00	100.00	100.00	100.00	100.00	100.00	100.00	99.87	100.00	98.98	100.00	100.00	100.00	.
AK_CKDN230030164-1A_HGKHYDSX7_L2_Abricate_ecoli_vf.tsv	0	.	.	.	.	.	.	.	.	.	.	.	.	.	.	.	.	.	.	.	.	.	.	.	.	.	.	.	.	.	.	.	.	.	.	.	.	.	.	.	.	.	.	.	.	.	.	.	.	.	.	.	.	.	.	.	.	.	.	.	.	.	.	.	.	.	.	.	.	.	.	.	.	.	.	.	.	.	.	.	.	.	.	.	.	.	.	.	.	.	.	.	.	.	.	.	.	.	.	.	.	.	.	.	.	.	.	.	.	.	.	.	.	.	.	.	.	.	.	.	.	.	.	.	.	.	.	.	.	.	.	.	.	.	.	.	.	.	.	.	.	.	.	.	.	.	.	.	.	.	.	.	.	.	.	.	.	.	.	.	.	.	.	.	.	.	.	.	.	.	.	.	.	.	.	.	.	.	.	.	.	.	.	.	.	.	.	.	.	.	.	.	.	.	.	.	.	.	.	.	.	.	.	.	.	.	.	.	.	.	.	.	.	.	.	.	.	.	.	.	.	.	.	.	.	.	.	.	.	.	.	.	.	.	.	.	.	.	.	.	.	.	.	.	.	.	.	.	.	.	.	.	.	.	.	.	.	.	.	.	.	.	.	.	.	.	.	.	.	.	.	.	.	.	.	.	.	.	.	.	.	.	.	.	.	.	.	.	.	.	.	.	.	.	.	.	.	.	.	.	.	.	.	.	.	.	.	.	.	.	.	.	.	.	.	.	.	.	.	.	.	.	.	.	.	.	.	.	.
AL_CKDN230030165-1A_HGKHYDSX7_L2_Abricate_ecoli_vf.tsv	0	.	.	.	.	.	.	.	.	.	.	.	.	.	.	.	.	.	.	.	.	.	.	.	.	.	.	.	.	.	.	.	.	.	.	.	.	.	.	.	.	.	.	.	.	.	.	.	.	.	.	.	.	.	.	.	.	.	.	.	.	.	.	.	.	.	.	.	.	.	.	.	.	.	.	.	.	.	.	.	.	.	.	.	.	.	.	.	.	.	.	.	.	.	.	.	.	.	.	.	.	.	.	.	.	.	.	.	.	.	.	.	.	.	.	.	.	.	.	.	.	.	.	.	.	.	.	.	.	.	.	.	.	.	.	.	.	.	.	.	.	.	.	.	.	.	.	.	.	.	.	.	.	.	.	.	.	.	.	.	.	.	.	.	.	.	.	.	.	.	.	.	.	.	.	.	.	.	.	.	.	.	.	.	.	.	.	.	.	.	.	.	.	.	.	.	.	.	.	.	.	.	.	.	.	.	.	.	.	.	.	.	.	.	.	.	.	.	.	.	.	.	.	.	.	.	.	.	.	.	.	.	.	.	.	.	.	.	.	.	.	.	.	.	.	.	.	.	.	.	.	.	.	.	.	.	.	.	.	.	.	.	.	.	.	.	.	.	.	.	.	.	.	.	.	.	.	.	.	.	.	.	.	.	.	.	.	.	.	.	.	.	.	.	.	.	.	.	.	.	.	.	.	.	.	.	.	.	.	.	.	.	.	.	.	.	.	.	.	.	.	.	.	.	.	.	.	.	.
AM_CKDN230030166-1A_HGKHYDSX7_L2_Abricate_ecoli_vf.tsv	15	.	.	.	.	100.00	.	.	.	.	.	.	.	.	.	.	.	.	.	.	.	100.00	.	.	.	.	.	.	.	.	.	.	.	.	.	.	.	.	.	.	.	.	.	.	.	.	.	.	.	.	.	.	.	.	.	.	.	.	.	.	.	.	.	.	.	.	.	.	.	.	.	.	.	99.59	.	.	.	.	.	.	.	.	.	.	.	.	.	.	.	.	.	.	.	.	.	.	.	.	.	.	.	.	.	.	.	.	.	.	.	99.35	100.00	100.00	100.00	99.74	98.31	.	.	.	.	.	.	.	.	.	99.06	99.18	.	.	.	.	.	.	.	.	.	.	.	.	.	.	.	.	.	.	.	.	.	.	.	.	.	.	.	.	.	.	.	.	94.61	.	.	.	.	.	.	.	.	.	.	.	.	.	.	.	.	.	.	.	.	.	.	.	.	.	.	.	.	.	.	.	.	.	.	.	.	.	.	.	.	.	.	.	.	.	.	.	.	.	.	100.00	.	.	.	.	.	.	.	.	.	.	.	.	.	.	.	.	.	.	.	.	.	.	.	.	100.00	.	.	.	.	.	.	.	.	.	.	.	.	.	.	.	.	.	.	.	.	.	.	.	.	.	100.00	.	.	.	.	.	.	.	.	.	.	.	.	.	.	.	.	.	.	.	.	.	.	.	.	.	.	.	.	.	.	.	.	.	.	.	.	.	.	.	.	.	.	.	.	.	.	.	.	.	.	.	.	.	.	.	.	.	.	.	.	.	.	.	.	.	.	.	.
AN_CKDN230030167-1A_HGKHYDSX7_L2_Abricate_ecoli_vf.tsv	0	.	.	.	.	.	.	.	.	.	.	.	.	.	.	.	.	.	.	.	.	.	.	.	.	.	.	.	.	.	.	.	.	.	.	.	.	.	.	.	.	.	.	.	.	.	.	.	.	.	.	.	.	.	.	.	.	.	.	.	.	.	.	.	.	.	.	.	.	.	.	.	.	.	.	.	.	.	.	.	.	.	.	.	.	.	.	.	.	.	.	.	.	.	.	.	.	.	.	.	.	.	.	.	.	.	.	.	.	.	.	.	.	.	.	.	.	.	.	.	.	.	.	.	.	.	.	.	.	.	.	.	.	.	.	.	.	.	.	.	.	.	.	.	.	.	.	.	.	.	.	.	.	.	.	.	.	.	.	.	.	.	.	.	.	.	.	.	.	.	.	.	.	.	.	.	.	.	.	.	.	.	.	.	.	.	.	.	.	.	.	.	.	.	.	.	.	.	.	.	.	.	.	.	.	.	.	.	.	.	.	.	.	.	.	.	.	.	.	.	.	.	.	.	.	.	.	.	.	.	.	.	.	.	.	.	.	.	.	.	.	.	.	.	.	.	.	.	.	.	.	.	.	.	.	.	.	.	.	.	.	.	.	.	.	.	.	.	.	.	.	.	.	.	.	.	.	.	.	.	.	.	.	.	.	.	.	.	.	.	.	.	.	.	.	.	.	.	.	.	.	.	.	.	.	.	.	.	.	.	.	.	.	.	.	.	.	.	.	.	.	.	.	.	.	.	.	.	.
AO_CKDN230030168-1A_HGKHYDSX7_L2_Abricate_ecoli_vf.tsv	0	.	.	.	.	.	.	.	.	.	.	.	.	.	.	.	.	.	.	.	.	.	.	.	.	.	.	.	.	.	.	.	.	.	.	.	.	.	.	.	.	.	.	.	.	.	.	.	.	.	.	.	.	.	.	.	.	.	.	.	.	.	.	.	.	.	.	.	.	.	.	.	.	.	.	.	.	.	.	.	.	.	.	.	.	.	.	.	.	.	.	.	.	.	.	.	.	.	.	.	.	.	.	.	.	.	.	.	.	.	.	.	.	.	.	.	.	.	.	.	.	.	.	.	.	.	.	.	.	.	.	.	.	.	.	.	.	.	.	.	.	.	.	.	.	.	.	.	.	.	.	.	.	.	.	.	.	.	.	.	.	.	.	.	.	.	.	.	.	.	.	.	.	.	.	.	.	.	.	.	.	.	.	.	.	.	.	.	.	.	.	.	.	.	.	.	.	.	.	.	.	.	.	.	.	.	.	.	.	.	.	.	.	.	.	.	.	.	.	.	.	.	.	.	.	.	.	.	.	.	.	.	.	.	.	.	.	.	.	.	.	.	.	.	.	.	.	.	.	.	.	.	.	.	.	.	.	.	.	.	.	.	.	.	.	.	.	.	.	.	.	.	.	.	.	.	.	.	.	.	.	.	.	.	.	.	.	.	.	.	.	.	.	.	.	.	.	.	.	.	.	.	.	.	.	.	.	.	.	.	.	.	.	.	.	.	.	.	.	.	.	.	.	.	.	.	.	.	.
AP_CKDN230030169-1A_HGKHYDSX7_L2_Abricate_ecoli_vf.tsv	124	.	.	.	.	.	.	.	.	.	.	.	.	.	.	.	.	.	.	.	.	100.00	.	.	.	.	.	.	.	.	.	.	.	.	.	.	.	.	100.00	.	.	.	.	.	100.00	.	.	100.00	.	.	.	.	.	.	.	.	.	.	.	.	.	.	99.84	100.00	.	.	100.00	.	.	.	.	.	100.00	.	.	80.05	.	.	100.00	100.00	100.00	100.00	100.00	100.00	100.00	100.00	100.00	100.00	.	.	.	.	.	.	.	.	.	.	.	.	99.35	100.00	100.00	100.00	100.00	.	100.00	.	.	.	.	.	.	.	.	90.14	.	.	.	.	.	.	.	.	100.00	100.00	100.00	100.00	100.00	98.66	100.00	.	.	.	.	.	.	.	.	.	92.31	100.00	100.00	.	.	.	.	.	.	.	100.00	.	.	.	.	.	100.00	100.00	100.00	100.00	88.89	100.00	100.00	.	.	.	.	.	100.00	100.00	100.00	.	100.00	100.00	100.00	100.00	100.00	100.00	100.00	100.00	100.00	.	100.00	100.00	100.00	99.90	100.00	100.00	100.00	100.00	100.00	.	.	.	.	.	.	.	.	.	.	.	.	.	.	.	.	97.81	81.42	100.00	87.93	100.00	100.00	100.00	.	.	.	.	.	.	.	.	.	.	.	.	.	99.91	.	100.00	100.00	100.00	99.93	100.00	.	.	100.00	.	.	.	.	.	100.00	100.00	99.68	100.00	100.00	100.00	100.00	100.00	.	.	.	.	.	100.00	100.00	100.00	100.00	100.00	.	100.00	.	.	.	.	.	.	.	.	.	.	.	.	.	.	.	.	.	.	.	.	.	.	.	.	.	.	100.00	100.00	100.00	100.00	100.00	100.00	100.00	100.00	100.00	100.00	100.00	100.00	100.00	.	.	100.00	.	.	100.00	100.00	100.00	100.00	100.00	100.00	100.00	100.00	100.00	100.00	100.00	100.00	.	100.00	100.00	100.00	.	100.00	.	.	100.00	.	.
AQ_CKDN230030170-1A_HGKHYDSX7_L2_Abricate_ecoli_vf.tsv	0	.	.	.	.	.	.	.	.	.	.	.	.	.	.	.	.	.	.	.	.	.	.	.	.	.	.	.	.	.	.	.	.	.	.	.	.	.	.	.	.	.	.	.	.	.	.	.	.	.	.	.	.	.	.	.	.	.	.	.	.	.	.	.	.	.	.	.	.	.	.	.	.	.	.	.	.	.	.	.	.	.	.	.	.	.	.	.	.	.	.	.	.	.	.	.	.	.	.	.	.	.	.	.	.	.	.	.	.	.	.	.	.	.	.	.	.	.	.	.	.	.	.	.	.	.	.	.	.	.	.	.	.	.	.	.	.	.	.	.	.	.	.	.	.	.	.	.	.	.	.	.	.	.	.	.	.	.	.	.	.	.	.	.	.	.	.	.	.	.	.	.	.	.	.	.	.	.	.	.	.	.	.	.	.	.	.	.	.	.	.	.	.	.	.	.	.	.	.	.	.	.	.	.	.	.	.	.	.	.	.	.	.	.	.	.	.	.	.	.	.	.	.	.	.	.	.	.	.	.	.	.	.	.	.	.	.	.	.	.	.	.	.	.	.	.	.	.	.	.	.	.	.	.	.	.	.	.	.	.	.	.	.	.	.	.	.	.	.	.	.	.	.	.	.	.	.	.	.	.	.	.	.	.	.	.	.	.	.	.	.	.	.	.	.	.	.	.	.	.	.	.	.	.	.	.	.	.	.	.	.	.	.	.	.	.	.	.	.	.	.	.	.	.	.	.	.	.	.
AR_CKDN230030171-1A_HGKHYDSX7_L2_Abricate_ecoli_vf.tsv	189	.	.	.	.	.	.	.	.	.	.	.	.	.	.	.	.	.	.	.	.	100.00	100.00	.	.	.	.	.	.	.	.	.	.	.	100.00	.	100.00	100.00	100.00	100.00	100.00	.	100.00	100.00	.	100.00	.	.	100.00	100.00	100.00	100.00	100.00	100.00	100.00	100.00	100.00	100.00	.	.	100.00	.	.	100.00	.	.	.	100.00	100.00	.	.	.	.	100.00	.	.	.	.	100.00	100.00	100.00	100.00	100.00	100.00	100.00	100.00	100.00	100.00	.	.	.	.	.	.	.	.	100.00	100.00	100.00	.	99.35	100.00	100.00	100.00	100.00	100.00	100.00	.	100.00	100.00	100.00	100.00	100.00	.	100.00	100.00	100.00	.	.	.	.	.	.	.	100.00	100.00	100.00	100.00	100.00	99.28	100.00	100.00	100.00	100.00	99.15	99.91	.	100.00	99.70	100.00	100.00	100.00	100.00	100.00	.	.	100.00	.	.	99.94	100.00	.	.	.	.	100.00	100.00	100.00	100.00	100.00	100.00	100.00	100.00	100.00	100.00	100.00	100.00;100.00	100.00	100.00	100.00;100.00	100.00	100.00	100.00	100.00	100.00	100.00	100.00	100.00	100.00	100.00	100.00	100.00	100.00	100.00	100.00	99.90	100.00	100.00	100.00	100.00	100.00	.	100.00	99.68	100.00	100.00	100.00	99.64	100.00	100.00	100.00	100.00	100.00	100.00	100.00	100.00	99.75	100.00	100.00	100.00	100.00	99.90	.	100.00	100.00	100.00	100.00	100.00	100.00	100.00	100.00	99.67	100.00	100.00	100.00	.	100.00	100.00	.	100.00	100.00	100.00	100.00	100.00	.	.	.	.	.	.	.	.	.	.	.	.	.	.	.	.	100.00	.	100.00	.	.	100.00	100.00	.	100.00	100.00	.	.	100.00	100.00	.	.	.	100.00	.	.	.	.	.	.	97.06	.	.	.	.	.	.	.	.	.	.	.	.	.	100.00	100.00	100.00	100.00	100.00	100.00	100.00	100.00	.	100.00	100.00	100.00	100.00	100.00	.	100.00	100.00	.	.	.	.	.	.	.	.	.	.	100.00	100.00	100.00	100.00	100.00	100.00	100.00	99.87	100.00	98.98	100.00	100.00	100.00	.
AS_CKDN230030172-1A_HGKHYDSX7_L2_Abricate_ecoli_vf.tsv	184	.	.	.	.	.	.	.	.	.	100.00	.	.	.	.	100.00	100.00	.	.	.	.	100.00	.	.	.	100.00	100.00	100.00	.	.	100.00	.	.	.	.	.	.	.	100.00	100.00	100.00	100.00	100.00	100.00	.	.	100.00	.	.	.	.	.	.	.	.	.	.	.	.	100.00	100.00	.	.	100.00	.	.	.	.	100.00	.	.	.	.	100.00	.	80.05	.	99.94	100.00	100.00	100.00	100.00	100.00	100.00	100.00	100.00	100.00	100.00	.	.	.	.	.	.	.	.	.	.	.	.	99.35	100.00	100.00	100.00	100.00	100.00	100.00	100.00	100.00	100.00	100.00	100.00	100.00	.	100.00	100.00	99.90	.	.	.	.	.	.	.	100.00	100.00	100.00	100.00	100.00	98.66	100.00	.	.	.	.	.	.	.	.	.	99.79	100.00	100.00	100.00	.	.	99.93	.	.	99.94	100.00	.	.	.	.	.	100.00	100.00	100.00	100.00	100.00	100.00	100.00	100.00	100.00	100.00	100.00	100.00	100.00	100.00;100.00	100.00	100.00	100.00	100.00	100.00	100.00	100.00	100.00	100.00	100.00	100.00	100.00	100.00	100.00	100.00	99.90	100.00	100.00	100.00	100.00	100.00	.	100.00	99.68	100.00	100.00	100.00	99.64	100.00	100.00	100.00	100.00	100.00	100.00	100.00	100.00	99.75	100.00	100.00	100.00	100.00	100.00	.	100.00	99.90	.	.	.	.	.	.	.	.	.	.	.	.	100.00	.	100.00	100.00	100.00	100.00	100.00	.	.	.	100.00	100.00	100.00	100.00	100.00	.	.	100.00;97.41	100.00	100.00	100.00	100.00	100.00	.	.	100.00	100.00	100.00	100.00	100.00	.	100.00	100.00	.	92.45;100.00	.	.	100.00	.	100.00	100.00	100.00	100.00	100.00	100.00	100.00	100.00	95.10	100.00	100.00	100.00	.	.	.	.	.	.	.	.	.	.	100.00	100.00	100.00	100.00	100.00	100.00	100.00	100.00	100.00	100.00	100.00	100.00	100.00	100.00	.	100.00	100.00	.	.	.	.	.	.	.	.	.	.	100.00	100.00	100.00	100.00	100.00	100.00	100.00	99.87	100.00	.	.	100.00	100.00	.
AS_CKDN230030172-1A_HGKYJDSX7_L3_Abricate_ecoli_vf.tsv	183	.	.	.	.	.	.	.	.	.	100.00	.	.	.	.	100.00	100.00	.	.	.	.	100.00	.	.	.	100.00	100.00	100.00	.	.	100.00	.	.	.	.	.	.	.	100.00	100.00	100.00	100.00	100.00	100.00	.	.	.	.	.	.	.	.	.	.	.	.	.	.	.	100.00	100.00	.	.	100.00	.	.	.	.	100.00	.	.	.	.	100.00	.	80.05	.	99.94	100.00	100.00	100.00	100.00	100.00	100.00	100.00	100.00	100.00	100.00	.	.	.	.	.	.	.	.	100.00	.	.	.	99.35	100.00	100.00	100.00	100.00	100.00	100.00	100.00	100.00	100.00	100.00	100.00	100.00	.	100.00	100.00	99.90	.	.	.	.	.	.	.	100.00	100.00	100.00	100.00	100.00	98.66	100.00	.	.	.	.	.	.	.	.	.	99.79	100.00	100.00	100.00	.	.	99.93	.	.	99.94	100.00	.	.	.	.	.	100.00	100.00	100.00	100.00	100.00	100.00	100.00	100.00	100.00	100.00	100.00	100.00	100.00	100.00;100.00	100.00	100.00	100.00	100.00	100.00	100.00	100.00	100.00	100.00	100.00	100.00	100.00	100.00	100.00	100.00	99.90	100.00	100.00	100.00	100.00	100.00	.	100.00	99.68	100.00	100.00	100.00	99.64	100.00	100.00	100.00	100.00	100.00	100.00	100.00	100.00	99.75	100.00	100.00	100.00	100.00	100.00	.	100.00	99.90	.	.	.	.	.	.	.	.	.	.	.	.	100.00	.	100.00	100.00	100.00	100.00	100.00	.	.	.	100.00	100.00	100.00	100.00	100.00	.	.	100.00;97.41	100.00	100.00	100.00	100.00	100.00	.	.	100.00	100.00	100.00	100.00	100.00	.	100.00	100.00	.	92.45;100.00	.	.	.	.	100.00	100.00	100.00	100.00	100.00	100.00	100.00	100.00	95.10	100.00	100.00	100.00	.	.	.	.	.	.	.	.	.	.	100.00	100.00	100.00	100.00	100.00	100.00	100.00	100.00	100.00	100.00	100.00	100.00	100.00	100.00	.	100.00	100.00	.	.	.	.	.	.	.	.	.	.	100.00	100.00	100.00	100.00	100.00	100.00	100.00	99.87	100.00	.	.	100.00	100.00	.
AT_CKDN230030173-1A_HGKHYDSX7_L2_Abricate_ecoli_vf.tsv	195	.	.	.	.	.	.	94.12	.	100.00	100.00	100.00	99.66	100.00	.	100.00	100.00	.	.	.	.	100.00	100.00	.	.	100.00	.	100.00	100.00	99.44	100.00	.	.	100.00	.	.	100.00	100.00	100.00	100.00	100.00	.	.	100.00	.	.	.	.	100.00	100.00	100.00	100.00	100.00	100.00	100.00	100.00	100.00	100.00	100.00	100.00	100.00	.	.	100.00	.	.	.	100.00	100.00	.	.	99.93	.	100.00	.	.	.	.	100.00	100.00	100.00	100.00	100.00	100.00	100.00	100.00	100.00	100.00	.	.	.	.	.	.	.	.	100.00	100.00	.	.	99.35	100.00	100.00	100.00	100.00	100.00	100.00	.	100.00	100.00	100.00	100.00	100.00	.	100.00	100.00	100.00	.	.	.	.	.	.	.	100.00	100.00	100.00	100.00	100.00	98.66	100.00	100.00	100.00	99.62	99.15	99.91	100.00	100.00	99.70	100.00	100.00	100.00	99.94	100.00	.	.	99.93	.	.	99.94	100.00	.	.	.	.	100.00	100.00	100.00	100.00	100.00	100.00	100.00	100.00	100.00	100.00	100.00	100.00;100.00	100.00	100.00;100.00	100.00;100.00	100.00	100.00	100.00	100.00	100.00	100.00	100.00	100.00	100.00	100.00	100.00	100.00	100.00	100.00	100.00	99.90	100.00	100.00	100.00	100.00	100.00	.	.	100.00	100.00	100.00	100.00	100.00	100.00	100.00	100.00	100.00	100.00	100.00	100.00	100.00	100.00	94.65	100.00	100.00	100.00	99.90	.	100.00	100.00	100.00	100.00	100.00	100.00	100.00	100.00	100.00	100.00	100.00	100.00	.	100.00	99.91	.	100.00	100.00	100.00	100.00	100.00	.	.	.	.	.	.	.	.	.	.	.	.	.	.	.	.	.	.	100.00	.	.	100.00	100.00	.	100.00	100.00	.	.	100.00	100.00	.	.	.	.	.	.	.	.	.	.	.	.	.	.	.	.	.	.	.	.	.	.	.	.	100.00	100.00	100.00	100.00	.	.	.	.	100.00	100.00	100.00	100.00	100.00	.	.	.	100.00	.	100.00	.	.	.	.	.	.	.	.	100.00	100.00	100.00	100.00	100.00	100.00	100.00	99.87	100.00	98.98	100.00	98.78	100.00	.
AU_CKDN230030174-1A_HGKHYDSX7_L2_Abricate_ecoli_vf.tsv	38	.	.	.	.	.	.	.	.	.	.	.	.	.	.	.	.	.	.	.	.	100.00	.	.	.	.	.	.	.	.	.	.	.	.	.	.	.	.	99.71	.	.	.	.	.	.	.	.	.	.	.	.	.	.	.	.	.	.	.	.	.	.	.	.	100.00	.	.	.	.	.	.	.	.	.	.	.	.	.	.	.	.	.	.	.	99.81	.	100.00	99.49	100.00	.	.	.	.	.	.	.	.	.	.	.	.	.	100.00	.	100.00	.	100.00	100.00	.	.	.	.	.	.	.	.	.	.	.	.	.	.	.	.	.	99.20	99.18	.	.	99.13	.	.	.	.	.	.	.	.	.	.	.	.	.	.	.	.	.	.	.	.	.	.	.	.	.	.	.	.	.	96.57	99.51	.	92.75	.	.	.	.	.	.	.	.	.	.	.	.	99.75	.	.	100.00	100.00	100.00	95.72	.	.	.	.	99.66	98.87	100.00	99.72	.	99.86	.	.	100.00	.	98.29	.	100.00	.	.	.	100.00	99.76	.	95.66	99.63	.	.	.	99.88	.	.	.	.	.	.	.	.	.	.	.	.	.	.	.	.	.	.	.	.	.	.	.	.	.	.	.	.	.	.	.	.	.	.	.	.	.	.	.	.	.	.	.	.	.	100.00	100.00	.	.	96.61	.	.	.	.	.	.	.	.	.	.	.	.	.	.	.	.	.	.	.	.	.	.	.	.	.	.	.	.	.	.	.	.	.	.	.	.	.	.	.	.	.	.	.	.	.	.	.	.	.	.	.	.	.	.	.	.	.	.	.	.	.	.	.	.	.	.	.	.	.
AV_CKDN230030175-1A_HGKHYDSX7_L2_Abricate_ecoli_vf.tsv	0	.	.	.	.	.	.	.	.	.	.	.	.	.	.	.	.	.	.	.	.	.	.	.	.	.	.	.	.	.	.	.	.	.	.	.	.	.	.	.	.	.	.	.	.	.	.	.	.	.	.	.	.	.	.	.	.	.	.	.	.	.	.	.	.	.	.	.	.	.	.	.	.	.	.	.	.	.	.	.	.	.	.	.	.	.	.	.	.	.	.	.	.	.	.	.	.	.	.	.	.	.	.	.	.	.	.	.	.	.	.	.	.	.	.	.	.	.	.	.	.	.	.	.	.	.	.	.	.	.	.	.	.	.	.	.	.	.	.	.	.	.	.	.	.	.	.	.	.	.	.	.	.	.	.	.	.	.	.	.	.	.	.	.	.	.	.	.	.	.	.	.	.	.	.	.	.	.	.	.	.	.	.	.	.	.	.	.	.	.	.	.	.	.	.	.	.	.	.	.	.	.	.	.	.	.	.	.	.	.	.	.	.	.	.	.	.	.	.	.	.	.	.	.	.	.	.	.	.	.	.	.	.	.	.	.	.	.	.	.	.	.	.	.	.	.	.	.	.	.	.	.	.	.	.	.	.	.	.	.	.	.	.	.	.	.	.	.	.	.	.	.	.	.	.	.	.	.	.	.	.	.	.	.	.	.	.	.	.	.	.	.	.	.	.	.	.	.	.	.	.	.	.	.	.	.	.	.	.	.	.	.	.	.	.	.	.	.	.	.	.	.	.	.	.	.	.	.	.
AW_CKDN230030176-1A_HGKHYDSX7_L2_Abricate_ecoli_vf.tsv	0	.	.	.	.	.	.	.	.	.	.	.	.	.	.	.	.	.	.	.	.	.	.	.	.	.	.	.	.	.	.	.	.	.	.	.	.	.	.	.	.	.	.	.	.	.	.	.	.	.	.	.	.	.	.	.	.	.	.	.	.	.	.	.	.	.	.	.	.	.	.	.	.	.	.	.	.	.	.	.	.	.	.	.	.	.	.	.	.	.	.	.	.	.	.	.	.	.	.	.	.	.	.	.	.	.	.	.	.	.	.	.	.	.	.	.	.	.	.	.	.	.	.	.	.	.	.	.	.	.	.	.	.	.	.	.	.	.	.	.	.	.	.	.	.	.	.	.	.	.	.	.	.	.	.	.	.	.	.	.	.	.	.	.	.	.	.	.	.	.	.	.	.	.	.	.	.	.	.	.	.	.	.	.	.	.	.	.	.	.	.	.	.	.	.	.	.	.	.	.	.	.	.	.	.	.	.	.	.	.	.	.	.	.	.	.	.	.	.	.	.	.	.	.	.	.	.	.	.	.	.	.	.	.	.	.	.	.	.	.	.	.	.	.	.	.	.	.	.	.	.	.	.	.	.	.	.	.	.	.	.	.	.	.	.	.	.	.	.	.	.	.	.	.	.	.	.	.	.	.	.	.	.	.	.	.	.	.	.	.	.	.	.	.	.	.	.	.	.	.	.	.	.	.	.	.	.	.	.	.	.	.	.	.	.	.	.	.	.	.	.	.	.	.	.	.	.	.	.
AX_CKDN230030177-1A_HGKHYDSX7_L2_Abricate_ecoli_vf.tsv	195	.	.	.	.	.	.	.	.	.	.	.	.	.	.	.	.	.	.	.	.	100.00	100.00	.	.	.	.	.	.	.	.	.	.	.	100.00	.	100.00	100.00	100.00	100.00	100.00	.	100.00	100.00	.	100.00	.	.	100.00	100.00	100.00	100.00	100.00	100.00	100.00	100.00	100.00	100.00	.	.	100.00	.	.	100.00	.	.	.	100.00	100.00	.	.	.	.	100.00	.	.	.	.	100.00	100.00	100.00	100.00	100.00	100.00	100.00	100.00	100.00	100.00	.	.	.	.	.	.	.	.	100.00	100.00	100.00	.	99.35	100.00	100.00	100.00	100.00	100.00	100.00	.	100.00	100.00	100.00	100.00	100.00	.	100.00	100.00	100.00	.	.	.	.	.	.	.	100.00	100.00	100.00	100.00	100.00	99.28	100.00	100.00	100.00	100.00	99.15	99.91	.	100.00	99.70	100.00	100.00	100.00	100.00	100.00	.	.	100.00	.	.	99.94	100.00	.	.	.	.	100.00	100.00	100.00	100.00	100.00	100.00	100.00	100.00	100.00	100.00	100.00	100.00;100.00	100.00	100.00	100.00;100.00	100.00	100.00	100.00	100.00	100.00	100.00	100.00	100.00	100.00	100.00	100.00	100.00	100.00	100.00	100.00	99.90	100.00	100.00	100.00	100.00	100.00	.	100.00	99.68	100.00	100.00	100.00	99.64	100.00	100.00	100.00	100.00	100.00	100.00	100.00	100.00	99.75	100.00	100.00	100.00	100.00	99.90	.	100.00	100.00	100.00	100.00	100.00	100.00	100.00	100.00	99.67	100.00	100.00	100.00	.	100.00	100.00	.	100.00	100.00	100.00	100.00	100.00	.	.	.	100.00	100.00	100.00	100.00	100.00	.	.	100.00	.	.	.	.	.	100.00	.	100.00	.	.	100.00	100.00	.	100.00	100.00	.	.	100.00	100.00	.	.	.	100.00	.	.	.	.	.	.	97.06	.	.	.	.	.	.	.	.	.	.	.	.	.	100.00	100.00	100.00	100.00	100.00	100.00	100.00	100.00	.	100.00	100.00	100.00	100.00	100.00	.	100.00	100.00	.	.	.	.	.	.	.	.	.	.	100.00	100.00	100.00	100.00	100.00	100.00	100.00	99.87	100.00	98.98	100.00	100.00	100.00	.
AY_CKDN230030178-1A_HGKHYDSX7_L2_Abricate_ecoli_vf.tsv	195	.	.	.	.	.	.	94.12	.	100.00	100.00	100.00	99.66	100.00	.	100.00	100.00	.	.	.	.	100.00	100.00	.	.	100.00	.	100.00	100.00	99.44	100.00	.	.	100.00	.	.	100.00	100.00	100.00	100.00	100.00	.	.	100.00	.	.	.	.	100.00	100.00	100.00	100.00	100.00	100.00	100.00	100.00	100.00	100.00	100.00	100.00	100.00	.	.	100.00	.	.	.	100.00	100.00	.	.	99.93	.	100.00	.	.	.	.	100.00	100.00	100.00	100.00	100.00	100.00	100.00	100.00	100.00	100.00	.	.	.	.	.	.	.	.	100.00	100.00	.	.	99.35	100.00	100.00	100.00	100.00	100.00	100.00	.	100.00	100.00	100.00	100.00	100.00	.	100.00	100.00	100.00	.	.	.	.	.	.	.	100.00	100.00	100.00	100.00	100.00	98.66	100.00	100.00	100.00	99.62	99.15	99.91	100.00	100.00	99.70	100.00	100.00	100.00	99.94	100.00	.	.	99.93	.	.	99.94	100.00	.	.	.	.	100.00	100.00	100.00	100.00	100.00	100.00	100.00	100.00	100.00	100.00	100.00	100.00;100.00	100.00	100.00;100.00	100.00;100.00	100.00	100.00	100.00	100.00	100.00	100.00	100.00	100.00	100.00	100.00	100.00	100.00	100.00	100.00	100.00	99.90	100.00	100.00	100.00	100.00	100.00	.	.	100.00	100.00	100.00	100.00	100.00	100.00	100.00	100.00	100.00	100.00	100.00	100.00	100.00	100.00	94.65	100.00	100.00	100.00	99.90	.	100.00	100.00	100.00	100.00	100.00	100.00	100.00	100.00	100.00	100.00	100.00	100.00	.	100.00	99.91	.	100.00	100.00	100.00	100.00	100.00	.	.	.	.	.	.	.	.	.	.	.	.	.	.	.	.	.	.	100.00	.	.	100.00	100.00	.	100.00	100.00	.	.	100.00	100.00	.	.	.	.	.	.	.	.	.	.	.	.	.	.	.	.	.	.	.	.	.	.	.	.	100.00	100.00	100.00	100.00	.	.	.	.	100.00	100.00	100.00	100.00	100.00	.	.	.	100.00	.	100.00	.	.	.	.	.	.	.	.	100.00	100.00	100.00	100.00	100.00	100.00	100.00	99.87	100.00	98.98	100.00	98.78	100.00	.
AY_CKDN230030178-1A_HGKYJDSX7_L3_Abricate_ecoli_vf.tsv	195	.	.	.	.	.	.	94.12	.	100.00	100.00	100.00	99.66	100.00	.	100.00	100.00	.	.	.	.	100.00	100.00	.	.	100.00	.	100.00	100.00	99.44	100.00	.	.	100.00	.	.	100.00	100.00	100.00	100.00	100.00	.	.	100.00	.	.	.	.	100.00	100.00	100.00	100.00	100.00	100.00	100.00	100.00	100.00	100.00	100.00	100.00	100.00	.	.	100.00	.	.	.	100.00	100.00	.	.	99.93	.	100.00	.	.	.	.	100.00	100.00	100.00	100.00	100.00	100.00	100.00	100.00	100.00	100.00	.	.	.	.	.	.	.	.	100.00	100.00	.	.	99.35	100.00	100.00	100.00	100.00	100.00	100.00	.	100.00	100.00	100.00	100.00	100.00	.	100.00	100.00	100.00	.	.	.	.	.	.	.	100.00	100.00	100.00	100.00	100.00	98.66	100.00	100.00	100.00	99.62	99.15	99.91	100.00	100.00	99.70	100.00	100.00	100.00	99.94	100.00	.	.	99.93	.	.	99.94	100.00	.	.	.	.	100.00	100.00	100.00	100.00	100.00	100.00	100.00	100.00	100.00	100.00	100.00	100.00;100.00	100.00	100.00;100.00	100.00;100.00	100.00	100.00	100.00	100.00	100.00	100.00	100.00	100.00	100.00	100.00	100.00	100.00	100.00	100.00	100.00	99.90	100.00	100.00	100.00	100.00	100.00	.	.	100.00	100.00	100.00	100.00	100.00	100.00	100.00	100.00	100.00	100.00	100.00	100.00	100.00	100.00	94.65	100.00	100.00	100.00	99.90	.	100.00	100.00	100.00	100.00	100.00	100.00	100.00	100.00	100.00	100.00	100.00	100.00	.	100.00	99.91	.	100.00	100.00	100.00	100.00	100.00	.	.	.	.	.	.	.	.	.	.	.	.	.	.	.	.	.	.	100.00	.	.	100.00	100.00	.	100.00	100.00	.	.	100.00	100.00	.	.	.	.	.	.	.	.	.	.	.	.	.	.	.	.	.	.	.	.	.	.	.	.	100.00	100.00	100.00	100.00	.	.	.	.	100.00	100.00	100.00	100.00	100.00	.	.	.	100.00	.	100.00	.	.	.	.	.	.	.	.	100.00	100.00	100.00	100.00	100.00	100.00	100.00	99.87	100.00	98.98	100.00	98.78	100.00	.
AZ_CKDN230030179-1A_HGKHYDSX7_L2_Abricate_ecoli_vf.tsv	0	.	.	.	.	.	.	.	.	.	.	.	.	.	.	.	.	.	.	.	.	.	.	.	.	.	.	.	.	.	.	.	.	.	.	.	.	.	.	.	.	.	.	.	.	.	.	.	.	.	.	.	.	.	.	.	.	.	.	.	.	.	.	.	.	.	.	.	.	.	.	.	.	.	.	.	.	.	.	.	.	.	.	.	.	.	.	.	.	.	.	.	.	.	.	.	.	.	.	.	.	.	.	.	.	.	.	.	.	.	.	.	.	.	.	.	.	.	.	.	.	.	.	.	.	.	.	.	.	.	.	.	.	.	.	.	.	.	.	.	.	.	.	.	.	.	.	.	.	.	.	.	.	.	.	.	.	.	.	.	.	.	.	.	.	.	.	.	.	.	.	.	.	.	.	.	.	.	.	.	.	.	.	.	.	.	.	.	.	.	.	.	.	.	.	.	.	.	.	.	.	.	.	.	.	.	.	.	.	.	.	.	.	.	.	.	.	.	.	.	.	.	.	.	.	.	.	.	.	.	.	.	.	.	.	.	.	.	.	.	.	.	.	.	.	.	.	.	.	.	.	.	.	.	.	.	.	.	.	.	.	.	.	.	.	.	.	.	.	.	.	.	.	.	.	.	.	.	.	.	.	.	.	.	.	.	.	.	.	.	.	.	.	.	.	.	.	.	.	.	.	.	.	.	.	.	.	.	.	.	.	.	.	.	.	.	.	.	.	.	.	.	.	.	.	.	.	.	.
A_CKDN230030134-1A_HGKHYDSX7_L2_Abricate_ecoli_vf.tsv	17	.	.	.	.	100.00	.	.	.	.	.	.	.	.	.	.	.	.	.	.	98.83	100.00	.	.	.	.	.	.	.	.	.	.	.	.	.	.	.	.	.	.	.	.	.	.	.	.	.	.	.	.	.	.	.	.	.	.	.	.	.	.	.	.	.	.	.	.	.	.	.	.	.	99.54	.	99.59	.	.	.	.	.	.	.	.	.	.	.	.	.	.	.	.	.	.	.	.	.	.	.	.	.	.	.	.	.	.	.	.	.	.	.	99.35	100.00	100.00	100.00	99.74	98.31	.	.	.	.	.	.	.	.	.	99.33	99.18	.	.	.	.	.	.	.	.	.	.	.	.	.	.	.	.	.	.	.	.	.	.	.	.	.	.	.	.	.	.	.	.	94.61	.	.	.	.	.	.	.	.	.	.	.	.	.	.	.	.	.	.	.	.	.	.	.	.	.	.	.	.	.	.	.	.	.	.	.	.	.	.	.	.	.	.	.	.	.	.	.	.	.	.	100.00	.	.	.	.	.	.	.	.	.	.	.	.	.	.	.	.	.	.	.	.	.	.	.	.	100.00	.	.	.	.	.	.	.	.	.	.	.	.	.	.	.	.	.	.	.	.	.	.	.	.	.	100.00	.	.	.	.	.	.	.	.	.	.	.	.	.	.	.	.	.	.	.	.	.	.	.	.	.	.	.	.	.	.	.	.	.	.	.	.	.	.	.	.	.	.	.	.	.	.	.	.	.	.	.	.	.	.	.	.	.	.	.	.	.	.	.	.	.	.	.	.
BA_CKDN230030180-1A_HGKHYDSX7_L2_Abricate_ecoli_vf.tsv	180	.	.	.	.	100.00	99.94	.	.	.	.	.	.	.	.	.	.	.	.	.	.	100.00;100.00	100.00	100.00	.	.	.	.	.	.	.	.	.	.	.	.	.	.	99.04;100.00	100.00	100.00	100.00	100.00	100.00	.	.	.	.	.	.	.	.	.	.	.	.	.	.	.	.	.	.	.	100.00	99.93	.	.	100.00	.	.	.	.	.	100.00	.	.	.	.	.	.	.	.	100.00	100.00;99.81	100.00	100.00;97.02	100.00;100.00	100.00;100.00	100.00	100.00	100.00	100.00	100.00	100.00	100.00	99.68	.	.	.	.	100.00	100.00	100.00	100.00	89.74;100.00	100.00	100.00	.	100.00	100.00	100.00	100.00	100.00	.	100.00	100.00	98.90	100.00	100.00	100.00	100.00	100.00	100.00	100.00	99.20;100.00	99.07;100.00	100.00	100.00	100.00	99.25	100.00	100.00	100.00	100.00	99.15	100.00	100.00	100.00	100.00	100.00	100.00	100.00	100.00	99.29	100.00	97.28	100.00	100.00	100.00	100.00	100.00	100.00	100.00	99.24	100.00	100.00	100.00	100.00	100.00	100.00	100.00	100.00	100.00	100.00	100.00	100.00	100.00	100.00	100.00	100.00;100.00	100.00	100.00	100.00	100.00	100.00;100.00	100.00	100.00	100.00	100.00;100.00	99.71;100.00	100.00	100.00	100.00	100.00	100.00	100.00;99.52	100.00	100.00;99.83	100.00	100.00	100.00;99.86	.	.	100.00;97.78	100.00	100.00;99.80	100.00	100.00;98.98	100.00	100.00	100.00	100.00;100.00	100.00;99.76	100.00	100.00;86.86	100.00;98.52	100.00	100.00	100.00	100.00;100.00	100.00	100.00	.	100.00	.	.	.	.	.	.	.	.	.	.	.	.	.	100.00	.	100.00	100.00	100.00	100.00	100.00	.	100.00	.	99.83	99.52	100.00	100.00	99.86	.	.	.	.	.	.	.	.	.	.	100.00	.	.	100.00;100.00	100.00	.	100.00	98.95;100.00	.	100.00	100.00	100.00	.	.	.	.	.	.	.	.	.	.	.	.	.	.	.	.	.	.	.	.	.	.	.	100.00	100.00	100.00	100.00	100.00	.	.	.	.	100.00	100.00	100.00	100.00	100.00	.	.	.	.	.	.	.	.	.	.	.	.	.	.	100.00	100.00	100.00	100.00	100.00	100.00	100.00	99.62	100.00	100.00	100.00	100.00	.	.
BB_CKDN230030181-1A_HGKHYDSX7_L2_Abricate_ecoli_vf.tsv	194	.	.	.	.	.	.	94.12	.	100.00	100.00	100.00	99.66	100.00	.	100.00	100.00	.	.	.	.	100.00	100.00	.	.	100.00	.	100.00	100.00	99.44	100.00	.	.	100.00	.	.	100.00	100.00	100.00	100.00	100.00	.	.	100.00	.	.	.	.	100.00	100.00	100.00	100.00	100.00	100.00	100.00	100.00	100.00	100.00	100.00	100.00	100.00	.	.	100.00	.	.	.	100.00	100.00	.	.	99.93	.	100.00	.	.	.	.	100.00	100.00	100.00	100.00	100.00	100.00	100.00	100.00	100.00	100.00	.	.	.	.	.	.	.	.	.	100.00	.	.	99.35	100.00	100.00	100.00	100.00	100.00	100.00	.	100.00	100.00	100.00	100.00	100.00	.	100.00	100.00	100.00	.	.	.	.	.	.	.	100.00	100.00	100.00	100.00	100.00	98.66	100.00	100.00	100.00	99.62	99.15	99.91	100.00	100.00	99.70	100.00	100.00	100.00	99.94	100.00	.	.	99.93	.	.	99.94	100.00	.	.	.	.	100.00	100.00	100.00	100.00	100.00	100.00	100.00	100.00	100.00	100.00	100.00	100.00;100.00	100.00	100.00;100.00	100.00;100.00	100.00	100.00	100.00	100.00	100.00	100.00	100.00	100.00	100.00	100.00	100.00	100.00	100.00	100.00	100.00	99.90	100.00	100.00	100.00	100.00	100.00	.	.	100.00	100.00	100.00	100.00	100.00	100.00	100.00	100.00	100.00	100.00	100.00	100.00	100.00	100.00	94.65	100.00	100.00	100.00	99.90	.	100.00	100.00	100.00	100.00	100.00	100.00	100.00	100.00	100.00	100.00	100.00	100.00	.	100.00	99.91	.	100.00	100.00	100.00	100.00	100.00	.	.	.	.	.	.	.	.	.	.	.	.	.	.	.	.	.	.	100.00	.	.	100.00	100.00	.	100.00	100.00	.	.	100.00	100.00	.	.	.	.	.	.	.	.	.	.	.	.	.	.	.	.	.	.	.	.	.	.	.	.	100.00	100.00	100.00	100.00	.	.	.	.	100.00	100.00	100.00	100.00	100.00	.	.	.	100.00	.	100.00	.	.	.	.	.	.	.	.	100.00	100.00	100.00	100.00	100.00	100.00	100.00	99.87	100.00	98.98	100.00	98.78	100.00	.
BB_CKDN230030181-1A_HGKYJDSX7_L3_Abricate_ecoli_vf.tsv	194	.	.	.	.	.	.	94.12	.	100.00	100.00	100.00	99.66	100.00	.	100.00	100.00	.	.	.	.	100.00	100.00	.	.	100.00	.	100.00	100.00	99.44	100.00	.	.	100.00	.	.	100.00	100.00	100.00	100.00	100.00	.	.	100.00	.	.	.	.	100.00	100.00	100.00	100.00	100.00	100.00	100.00	100.00	100.00	100.00	100.00	100.00	100.00	.	.	100.00	.	.	.	100.00	100.00	.	.	99.93	.	100.00	.	.	.	.	100.00	100.00	100.00	100.00	100.00	100.00	100.00	100.00	100.00	100.00	.	.	.	.	.	.	.	.	.	100.00	.	.	99.35	100.00	100.00	100.00	100.00	100.00	100.00	.	100.00	100.00	100.00	100.00	100.00	.	100.00	100.00	100.00	.	.	.	.	.	.	.	100.00	100.00	100.00	100.00	100.00	98.66	100.00	100.00	100.00	99.62	99.15	99.91	100.00	100.00	99.70	100.00	100.00	100.00	99.94	100.00	.	.	99.93	.	.	99.94	100.00	.	.	.	.	100.00	100.00	100.00	100.00	100.00	100.00	100.00	100.00	100.00	100.00	100.00	100.00;100.00	100.00	100.00;100.00	100.00;100.00	100.00	100.00	100.00	100.00	100.00	100.00	100.00	100.00	100.00	100.00	100.00	100.00	100.00	100.00	100.00	99.90	100.00	100.00	100.00	100.00	100.00	.	.	100.00	100.00	100.00	100.00	100.00	100.00	100.00	100.00	100.00	100.00	100.00	100.00	100.00	100.00	94.65	100.00	100.00	100.00	99.90	.	100.00	100.00	100.00	100.00	100.00	100.00	100.00	100.00	100.00	100.00	100.00	100.00	.	100.00	99.91	.	100.00	100.00	100.00	100.00	100.00	.	.	.	.	.	.	.	.	.	.	.	.	.	.	.	.	.	.	100.00	.	.	100.00	100.00	.	100.00	100.00	.	.	100.00	100.00	.	.	.	.	.	.	.	.	.	.	.	.	.	.	.	.	.	.	.	.	.	.	.	.	100.00	100.00	100.00	100.00	.	.	.	.	100.00	100.00	100.00	100.00	100.00	.	.	.	100.00	.	100.00	.	.	.	.	.	.	.	.	100.00	100.00	100.00	100.00	100.00	100.00	100.00	99.87	100.00	98.98	100.00	98.78	100.00	.
BC_CKDN230030182-1A_HGKHYDSX7_L2_Abricate_ecoli_vf.tsv	0	.	.	.	.	.	.	.	.	.	.	.	.	.	.	.	.	.	.	.	.	.	.	.	.	.	.	.	.	.	.	.	.	.	.	.	.	.	.	.	.	.	.	.	.	.	.	.	.	.	.	.	.	.	.	.	.	.	.	.	.	.	.	.	.	.	.	.	.	.	.	.	.	.	.	.	.	.	.	.	.	.	.	.	.	.	.	.	.	.	.	.	.	.	.	.	.	.	.	.	.	.	.	.	.	.	.	.	.	.	.	.	.	.	.	.	.	.	.	.	.	.	.	.	.	.	.	.	.	.	.	.	.	.	.	.	.	.	.	.	.	.	.	.	.	.	.	.	.	.	.	.	.	.	.	.	.	.	.	.	.	.	.	.	.	.	.	.	.	.	.	.	.	.	.	.	.	.	.	.	.	.	.	.	.	.	.	.	.	.	.	.	.	.	.	.	.	.	.	.	.	.	.	.	.	.	.	.	.	.	.	.	.	.	.	.	.	.	.	.	.	.	.	.	.	.	.	.	.	.	.	.	.	.	.	.	.	.	.	.	.	.	.	.	.	.	.	.	.	.	.	.	.	.	.	.	.	.	.	.	.	.	.	.	.	.	.	.	.	.	.	.	.	.	.	.	.	.	.	.	.	.	.	.	.	.	.	.	.	.	.	.	.	.	.	.	.	.	.	.	.	.	.	.	.	.	.	.	.	.	.	.	.	.	.	.	.	.	.	.	.	.	.	.	.	.	.	.	.
BD_CKDN230030183-1A_HGKHYDSX7_L2_Abricate_ecoli_vf.tsv	0	.	.	.	.	.	.	.	.	.	.	.	.	.	.	.	.	.	.	.	.	.	.	.	.	.	.	.	.	.	.	.	.	.	.	.	.	.	.	.	.	.	.	.	.	.	.	.	.	.	.	.	.	.	.	.	.	.	.	.	.	.	.	.	.	.	.	.	.	.	.	.	.	.	.	.	.	.	.	.	.	.	.	.	.	.	.	.	.	.	.	.	.	.	.	.	.	.	.	.	.	.	.	.	.	.	.	.	.	.	.	.	.	.	.	.	.	.	.	.	.	.	.	.	.	.	.	.	.	.	.	.	.	.	.	.	.	.	.	.	.	.	.	.	.	.	.	.	.	.	.	.	.	.	.	.	.	.	.	.	.	.	.	.	.	.	.	.	.	.	.	.	.	.	.	.	.	.	.	.	.	.	.	.	.	.	.	.	.	.	.	.	.	.	.	.	.	.	.	.	.	.	.	.	.	.	.	.	.	.	.	.	.	.	.	.	.	.	.	.	.	.	.	.	.	.	.	.	.	.	.	.	.	.	.	.	.	.	.	.	.	.	.	.	.	.	.	.	.	.	.	.	.	.	.	.	.	.	.	.	.	.	.	.	.	.	.	.	.	.	.	.	.	.	.	.	.	.	.	.	.	.	.	.	.	.	.	.	.	.	.	.	.	.	.	.	.	.	.	.	.	.	.	.	.	.	.	.	.	.	.	.	.	.	.	.	.	.	.	.	.	.	.	.	.	.	.	.	.
B_CKDN230030135-1A_HGKHYDSX7_L2_Abricate_ecoli_vf.tsv	164	.	.	.	.	.	.	.	.	.	100.00	.	.	.	.	100.00	100.00	.	.	.	.	100.00	.	.	.	100.00	100.00	100.00	.	.	100.00	.	.	.	.	.	.	.	100.00	100.00	100.00	100.00	100.00	100.00	.	.	100.00	.	.	.	.	.	.	.	.	.	.	.	.	100.00	100.00	.	.	100.00	.	.	.	.	100.00	.	.	.	.	100.00	.	.	.	99.94	100.00	100.00	100.00	100.00	100.00	100.00	100.00	100.00	100.00	100.00	.	.	.	.	.	.	.	.	.	.	.	.	99.35	100.00	100.00	100.00	100.00	100.00	100.00	.	100.00	100.00	100.00	100.00	100.00	.	100.00	100.00	99.90	.	.	.	.	.	.	.	100.00	100.00	100.00	100.00	100.00	98.66	100.00	.	.	.	.	.	.	.	.	.	99.79	100.00	100.00	100.00	.	.	99.93	.	.	99.94	100.00	.	.	.	.	.	100.00	100.00	100.00	100.00	100.00	100.00	100.00	100.00	100.00	100.00	100.00	100.00	100.00	100.00;100.00	100.00	100.00	100.00	100.00	100.00	100.00	100.00	100.00	100.00	100.00	100.00	100.00	100.00	100.00	100.00	99.90	100.00	100.00	100.00	100.00	100.00	.	100.00	99.68	100.00	100.00	100.00	99.64	100.00	100.00	100.00	100.00	100.00	100.00	100.00	100.00	99.75	100.00	100.00	100.00	100.00	100.00	.	100.00	99.90	.	.	.	.	.	.	.	.	.	.	.	.	100.00	.	100.00	100.00	100.00	100.00	100.00	.	.	.	.	.	.	.	.	.	.	97.41	.	.	.	.	.	.	.	100.00	.	.	100.00	100.00	.	100.00	100.00	.	92.45;100.00	.	.	.	.	100.00	100.00	100.00	100.00	100.00	100.00	100.00	100.00	95.10	100.00	100.00	100.00	.	.	.	.	.	.	.	.	.	.	100.00	100.00	100.00	100.00	.	.	.	.	100.00	100.00	100.00	100.00	100.00	100.00	.	.	100.00	.	.	.	.	.	.	.	.	.	.	100.00	100.00	100.00	100.00	100.00	100.00	100.00	99.87	100.00	.	.	100.00	100.00	.
C_CKDN230030136-1A_HGKHYDSX7_L2_Abricate_ecoli_vf.tsv	14	.	.	.	.	100.00	.	.	.	.	.	.	.	.	.	.	.	.	.	.	.	100.00	.	.	.	.	.	.	.	.	.	.	.	.	.	.	.	.	.	.	.	.	.	.	.	.	.	.	.	.	.	.	.	.	.	.	.	.	.	.	.	.	.	.	.	.	.	.	.	.	.	.	.	99.59	.	.	.	.	.	.	.	.	.	.	.	.	.	.	.	.	.	.	.	.	.	.	.	.	.	.	.	.	.	.	.	.	.	.	.	99.35	100.00	100.00	100.00	99.74	98.31	.	.	.	.	.	.	.	.	.	99.20	99.18	.	.	.	.	.	.	.	.	.	.	.	.	.	.	.	.	.	.	.	.	.	.	.	.	.	.	.	.	.	.	.	.	94.61	.	.	.	.	.	.	.	.	.	.	.	.	.	.	.	.	.	.	.	.	.	.	.	.	.	.	.	.	.	.	.	.	.	.	.	.	.	.	.	.	.	.	.	.	.	.	.	.	.	.	100.00	.	.	.	.	.	.	.	.	.	.	.	.	.	.	.	.	.	.	.	.	.	.	.	.	.	.	.	.	.	.	.	.	.	.	.	.	.	.	.	.	.	.	.	.	.	.	.	.	.	.	100.00	.	.	.	.	.	.	.	.	.	.	.	.	.	.	.	.	.	.	.	.	.	.	.	.	.	.	.	.	.	.	.	.	.	.	.	.	.	.	.	.	.	.	.	.	.	.	.	.	.	.	.	.	.	.	.	.	.	.	.	.	.	.	.	.	.	.	.	.
D_CKDN230030137-1A_HGKHYDSX7_L2_Abricate_ecoli_vf.tsv	0	.	.	.	.	.	.	.	.	.	.	.	.	.	.	.	.	.	.	.	.	.	.	.	.	.	.	.	.	.	.	.	.	.	.	.	.	.	.	.	.	.	.	.	.	.	.	.	.	.	.	.	.	.	.	.	.	.	.	.	.	.	.	.	.	.	.	.	.	.	.	.	.	.	.	.	.	.	.	.	.	.	.	.	.	.	.	.	.	.	.	.	.	.	.	.	.	.	.	.	.	.	.	.	.	.	.	.	.	.	.	.	.	.	.	.	.	.	.	.	.	.	.	.	.	.	.	.	.	.	.	.	.	.	.	.	.	.	.	.	.	.	.	.	.	.	.	.	.	.	.	.	.	.	.	.	.	.	.	.	.	.	.	.	.	.	.	.	.	.	.	.	.	.	.	.	.	.	.	.	.	.	.	.	.	.	.	.	.	.	.	.	.	.	.	.	.	.	.	.	.	.	.	.	.	.	.	.	.	.	.	.	.	.	.	.	.	.	.	.	.	.	.	.	.	.	.	.	.	.	.	.	.	.	.	.	.	.	.	.	.	.	.	.	.	.	.	.	.	.	.	.	.	.	.	.	.	.	.	.	.	.	.	.	.	.	.	.	.	.	.	.	.	.	.	.	.	.	.	.	.	.	.	.	.	.	.	.	.	.	.	.	.	.	.	.	.	.	.	.	.	.	.	.	.	.	.	.	.	.	.	.	.	.	.	.	.	.	.	.	.	.	.	.	.	.	.	.	.
E_CKDN230030138-1A_HGKHYDSX7_L2_Abricate_ecoli_vf.tsv	203	100.00	100.00	.	100.00	.	.	.	100.00	100.00	.	.	.	.	.	.	.	100.00	100.00	100.00	.	100.00;100.00	.	.	.	.	.	.	.	90.79	.	.	99.58	.	.	100.00	.	.	.	100.00	100.00	.	.	100.00	.	100.00	.	.	.	.	.	.	.	.	.	.	.	.	.	.	.	99.81	100.00	100.00	100.00	.	.	.	100.00	100.00	100.00	99.93	99.86	100.00	.	.	.	99.94	.	.	.	.	100.00	100.00	100.00	100.00	100.00	100.00	100.00	100.00	100.00	100.00	100.00	100.00	100.00	100.00	.	.	.	100.00	100.00	100.00	100.00	100.00	100.00	100.00	100.00	100.00	99.93	100.00	99.86	100.00	100.00	100.00	100.00	100.00	100.00	.	.	.	.	.	.	.	100.00	100.00	100.00	100.00	100.00	99.28	100.00	.	.	.	.	.	.	.	.	.	100.00	.	.	.	.	.	.	.	.	.	.	.	.	.	.	.	99.15	100.00	100.00	100.00	100.00	100.00	100.00	100.00	100.00	100.00	100.00;100.00	100.00	100.00;100.00	100.00;100.00	100.00	100.00	100.00	100.00	100.00	100.00	100.00	100.00	100.00	100.00	100.00	100.00	100.00	100.00	100.00	100.00	100.00	100.00	100.00	98.98	100.00	.	.	100.00	100.00	100.00	100.00	100.00	100.00	100.00	100.00	100.00	100.00	100.00	100.00	100.00	100.00	100.00	100.00	100.00	100.00	100.00	100.00	100.00	100.00	100.00	100.00	100.00	100.00	100.00	100.00	99.67	100.00	100.00	100.00	100.00	.	.	.	100.00	100.00	100.00	100.00	100.00	.	.	100.00	100.00	100.00	100.00	100.00	100.00	100.00	100.00	99.68;100.00	100.00	100.00	100.00	100.00	100.00	.	100.00	.	100.00	.	100.00	100.00	.	100.00	100.00	100.00	100.00;100.00	.	.	100.00	.	100.00	100.00	100.00	100.00	100.00	100.00	100.00	100.00	97.06	100.00	100.00	.	100.00	.	.	.	.	.	.	.	.	.	100.00	100.00	100.00	100.00	100.00	100.00	100.00	100.00	100.00	100.00	100.00	.	100.00	100.00	96.86	93.17	.	100.00	.	100.00	100.00	100.00	100.00	100.00	100.00	100.00	100.00	.	.	.	.	.	.	.	100.00	100.00	.	.	100.00	100.00	.
F_CKDN230030139-1A_HGKHYDSX7_L2_Abricate_ecoli_vf.tsv	0	.	.	.	.	.	.	.	.	.	.	.	.	.	.	.	.	.	.	.	.	.	.	.	.	.	.	.	.	.	.	.	.	.	.	.	.	.	.	.	.	.	.	.	.	.	.	.	.	.	.	.	.	.	.	.	.	.	.	.	.	.	.	.	.	.	.	.	.	.	.	.	.	.	.	.	.	.	.	.	.	.	.	.	.	.	.	.	.	.	.	.	.	.	.	.	.	.	.	.	.	.	.	.	.	.	.	.	.	.	.	.	.	.	.	.	.	.	.	.	.	.	.	.	.	.	.	.	.	.	.	.	.	.	.	.	.	.	.	.	.	.	.	.	.	.	.	.	.	.	.	.	.	.	.	.	.	.	.	.	.	.	.	.	.	.	.	.	.	.	.	.	.	.	.	.	.	.	.	.	.	.	.	.	.	.	.	.	.	.	.	.	.	.	.	.	.	.	.	.	.	.	.	.	.	.	.	.	.	.	.	.	.	.	.	.	.	.	.	.	.	.	.	.	.	.	.	.	.	.	.	.	.	.	.	.	.	.	.	.	.	.	.	.	.	.	.	.	.	.	.	.	.	.	.	.	.	.	.	.	.	.	.	.	.	.	.	.	.	.	.	.	.	.	.	.	.	.	.	.	.	.	.	.	.	.	.	.	.	.	.	.	.	.	.	.	.	.	.	.	.	.	.	.	.	.	.	.	.	.	.	.	.	.	.	.	.	.	.	.	.	.	.	.	.	.	.	.	.
G_CKDN230030140-1A_HGKHYDSX7_L2_Abricate_ecoli_vf.tsv	39	.	.	.	.	.	.	.	.	.	.	.	.	.	.	.	.	.	.	.	.	100.00	.	.	.	.	.	.	.	.	.	.	.	.	.	.	.	.	.	.	.	.	.	.	.	.	.	.	.	.	.	.	.	.	.	90.42	.	.	.	.	.	.	.	100.00	.	.	.	.	.	.	.	.	.	.	.	.	.	.	.	.	.	.	.	99.81	.	95.44	100.00	100.00	.	.	.	.	.	.	.	.	.	.	.	.	.	100.00	.	100.00	100.00	.	100.00	.	.	.	.	.	.	.	.	.	99.18	.	.	.	.	.	.	.	97.72	99.53	.	.	99.94	.	97.76	.	.	.	.	.	.	.	.	.	.	.	.	.	.	.	.	.	.	.	.	.	.	.	.	.	.	.	96.57	.	.	100.00	.	.	.	.	.	.	.	.	.	.	.	.	99.75	.	.	.	100.00	94.28	95.54	.	.	.	.	99.66	.	100.00	83.33	.	99.86	.	.	.	.	99.70	.	99.05	100.00	.	.	100.00	99.76	.	92.95	100.00	.	.	.	100.00	.	.	.	.	.	.	.	.	.	.	.	.	.	.	.	.	99.81	.	.	.	.	.	.	.	.	.	.	.	.	.	.	.	.	.	.	.	.	.	.	.	.	.	.	.	.	99.89	.	.	.	99.94	99.52	.	.	.	.	.	.	.	.	.	.	.	.	.	.	.	.	.	.	.	.	.	.	.	.	.	.	.	97.28	.	.	.	.	.	.	.	.	.	.	.	.	.	.	.	.	.	.	.	.	.	.	.	.	.	.	.	.	.	.	.	.	.	.	.	.	.	.	.	.
H_CKDN230030141-1A_HGKHYDSX7_L2_Abricate_ecoli_vf.tsv	195	.	.	.	.	.	.	94.12	.	100.00	100.00	100.00	99.66	100.00	.	100.00	100.00	.	.	.	.	100.00	100.00	.	.	100.00	.	100.00	100.00	99.44	100.00	.	.	100.00	.	.	100.00	100.00	100.00	100.00	100.00	.	.	100.00	.	.	.	.	100.00	100.00	100.00	100.00	100.00	100.00	100.00	100.00	100.00	100.00	100.00	100.00	100.00	.	.	100.00	.	.	.	100.00	100.00	.	.	99.93	.	100.00	.	.	.	.	100.00	100.00	100.00	100.00	100.00	100.00	100.00	100.00	100.00	100.00	.	.	.	.	.	.	.	.	100.00	100.00	.	.	99.35	100.00	100.00	100.00	100.00	100.00	100.00	.	100.00	100.00	100.00	100.00	100.00	.	100.00	100.00	100.00	.	.	.	.	.	.	.	100.00	100.00	100.00	100.00	100.00	98.66	100.00	100.00	100.00	99.62	99.15	99.91	100.00	100.00	99.70	100.00	100.00	100.00	99.94	100.00	.	.	99.93	.	.	99.94	100.00	.	.	.	.	100.00	100.00	100.00	100.00	100.00	100.00	100.00	100.00	100.00	100.00	100.00	100.00;100.00	100.00	100.00;100.00	100.00;100.00	100.00	100.00	100.00	100.00	100.00	100.00	100.00	100.00	100.00	100.00	100.00	100.00	100.00	100.00	100.00	99.90	100.00	100.00	100.00	100.00	100.00	.	.	100.00	100.00	100.00	100.00	100.00	100.00	100.00	100.00	100.00	100.00	100.00	100.00	100.00	100.00	94.65	100.00	100.00	100.00	99.90	.	100.00	100.00	100.00	100.00	100.00	100.00	100.00	100.00	100.00	100.00	100.00	100.00	.	100.00	99.91	.	100.00	100.00	100.00	100.00	100.00	.	.	.	.	.	.	.	.	.	.	.	.	.	.	.	.	.	.	100.00	.	.	100.00	100.00	.	100.00	100.00	.	.	100.00	100.00	.	.	.	.	.	.	.	.	.	.	.	.	.	.	.	.	.	.	.	.	.	.	.	.	100.00	100.00	100.00	100.00	.	.	.	.	100.00	100.00	100.00	100.00	100.00	.	.	.	100.00	.	100.00	.	.	.	.	.	.	.	.	100.00	100.00	100.00	100.00	100.00	100.00	100.00	99.87	100.00	98.98	100.00	98.78	100.00	.
I_CKDN230030142-1A_HGKHYDSX7_L2_Abricate_ecoli_vf.tsv	0	.	.	.	.	.	.	.	.	.	.	.	.	.	.	.	.	.	.	.	.	.	.	.	.	.	.	.	.	.	.	.	.	.	.	.	.	.	.	.	.	.	.	.	.	.	.	.	.	.	.	.	.	.	.	.	.	.	.	.	.	.	.	.	.	.	.	.	.	.	.	.	.	.	.	.	.	.	.	.	.	.	.	.	.	.	.	.	.	.	.	.	.	.	.	.	.	.	.	.	.	.	.	.	.	.	.	.	.	.	.	.	.	.	.	.	.	.	.	.	.	.	.	.	.	.	.	.	.	.	.	.	.	.	.	.	.	.	.	.	.	.	.	.	.	.	.	.	.	.	.	.	.	.	.	.	.	.	.	.	.	.	.	.	.	.	.	.	.	.	.	.	.	.	.	.	.	.	.	.	.	.	.	.	.	.	.	.	.	.	.	.	.	.	.	.	.	.	.	.	.	.	.	.	.	.	.	.	.	.	.	.	.	.	.	.	.	.	.	.	.	.	.	.	.	.	.	.	.	.	.	.	.	.	.	.	.	.	.	.	.	.	.	.	.	.	.	.	.	.	.	.	.	.	.	.	.	.	.	.	.	.	.	.	.	.	.	.	.	.	.	.	.	.	.	.	.	.	.	.	.	.	.	.	.	.	.	.	.	.	.	.	.	.	.	.	.	.	.	.	.	.	.	.	.	.	.	.	.	.	.	.	.	.	.	.	.	.	.	.	.	.	.	.	.	.	.	.	.
J_CKDN230030143-1A_HGKHYDSX7_L2_Abricate_ecoli_vf.tsv	188	.	.	.	.	.	.	.	.	.	.	.	.	.	.	.	.	.	.	.	.	100.00	100.00	.	100.00	.	.	.	.	.	.	.	.	.	.	.	100.00	100.00	100.00	100.00	100.00	100.00	100.00	100.00	.	.	100.00	.	100.00	100.00	100.00	100.00	100.00	100.00	100.00	100.00	100.00	100.00	100.00	100.00	100.00	.	.	100.00	.	.	.	100.00	100.00	.	.	.	.	100.00	.	.	.	.	100.00	100.00	100.00	100.00	100.00	100.00	100.00	100.00	100.00	100.00	.	.	.	.	.	.	.	.	.	99.79	.	.	99.35	100.00	100.00	100.00	100.00	100.00	100.00	.	100.00	100.00	100.00	100.00	100.00	.	100.00	.	99.90	.	.	.	.	.	.	.	100.00	100.00	100.00	100.00	100.00	98.66	100.00	100.00	100.00	100.00	99.15	99.91	100.00	100.00	99.70	100.00	98.42	100.00	100.00	100.00	.	.	99.93	.	.	99.94	100.00	.	.	.	.	100.00	100.00	100.00	100.00	100.00	100.00	100.00	100.00	100.00	100.00	100.00	100.00	100.00	100.00	100.00;100.00	100.00	100.00	100.00	100.00	100.00	100.00	100.00	100.00	100.00	100.00	100.00	100.00	100.00	100.00	100.00	99.90	100.00	100.00	100.00	100.00	100.00	.	100.00	100.00	100.00	100.00	100.00	100.00	100.00	100.00	100.00	100.00	100.00	100.00	100.00	100.00	100.00	100.00	100.00	100.00	100.00	99.90	.	100.00	100.00	100.00	100.00	100.00	100.00	100.00	100.00	100.00	100.00	100.00	100.00	.	100.00	99.91	.	100.00	100.00	100.00	100.00	100.00	.	.	.	.	.	.	.	.	.	.	99.68	.	.	.	.	.	.	.	100.00	.	.	100.00	100.00	.	100.00	100.00	.	.	100.00	100.00	.	.	.	.	.	.	.	.	.	.	.	.	.	.	.	.	.	.	.	.	.	.	.	.	100.00	100.00	100.00	100.00	100.00	100.00	100.00	100.00	100.00	100.00	100.00	100.00	100.00	.	.	.	100.00	.	100.00	.	.	.	.	.	.	.	.	100.00	100.00	100.00	100.00	100.00	100.00	100.00	99.87	100.00	98.98	100.00	100.00	100.00	.
K_CKDN230030144-1A_HGKHYDSX7_L2_Abricate_ecoli_vf.tsv	195	.	.	.	.	.	.	94.12	.	100.00	100.00	100.00	99.66	100.00	.	100.00	100.00	.	.	.	.	100.00	100.00	.	.	100.00	.	100.00	100.00	99.44	100.00	.	.	100.00	.	.	100.00	100.00	100.00	100.00	100.00	.	.	100.00	.	.	.	.	100.00	100.00	100.00	100.00	100.00	100.00	100.00	100.00	100.00	100.00	100.00	100.00	100.00	.	.	100.00	.	.	.	100.00	100.00	.	.	99.93	.	100.00	.	.	.	.	100.00	100.00	100.00	100.00	100.00	100.00	100.00	100.00	100.00	100.00	.	.	.	.	.	.	.	.	100.00	100.00	.	.	99.35	100.00	100.00	100.00	100.00	100.00	100.00	.	100.00	100.00	100.00	100.00	100.00	.	100.00	100.00	100.00	.	.	.	.	.	.	.	100.00	100.00	100.00	100.00	100.00	98.66	100.00	100.00	100.00	99.62	99.15	99.91	100.00	100.00	99.70	100.00	100.00	100.00	99.94	100.00	.	.	99.93	.	.	99.94	100.00	.	.	.	.	100.00	100.00	100.00	100.00	100.00	100.00	100.00	100.00	100.00	100.00	100.00	100.00;100.00	100.00	100.00;100.00	100.00;100.00	100.00	100.00	100.00	100.00	100.00	100.00	100.00	100.00	100.00	100.00	100.00	100.00	100.00	100.00	100.00	99.90	100.00	100.00	100.00	100.00	100.00	.	.	100.00	100.00	100.00	100.00	100.00	100.00	100.00	100.00	100.00	100.00	100.00	100.00	100.00	100.00	94.65	100.00	100.00	100.00	99.90	.	100.00	100.00	100.00	100.00	100.00	100.00	100.00	100.00	100.00	100.00	100.00	100.00	.	100.00	99.91	.	100.00	100.00	100.00	100.00	100.00	.	.	.	.	.	.	.	.	.	.	.	.	.	.	.	.	.	.	100.00	.	.	100.00	100.00	.	100.00	100.00	.	.	100.00	100.00	.	.	.	.	.	.	.	.	.	.	.	.	.	.	.	.	.	.	.	.	.	.	.	.	100.00	100.00	100.00	100.00	.	.	.	.	100.00	100.00	100.00	100.00	100.00	.	.	.	100.00	.	100.00	.	.	.	.	.	.	.	.	100.00	100.00	100.00	100.00	100.00	100.00	100.00	99.87	100.00	98.98	100.00	98.78	100.00	.
L_CKDN230030145-1A_HGKHYDSX7_L2_Abricate_ecoli_vf.tsv	0	.	.	.	.	.	.	.	.	.	.	.	.	.	.	.	.	.	.	.	.	.	.	.	.	.	.	.	.	.	.	.	.	.	.	.	.	.	.	.	.	.	.	.	.	.	.	.	.	.	.	.	.	.	.	.	.	.	.	.	.	.	.	.	.	.	.	.	.	.	.	.	.	.	.	.	.	.	.	.	.	.	.	.	.	.	.	.	.	.	.	.	.	.	.	.	.	.	.	.	.	.	.	.	.	.	.	.	.	.	.	.	.	.	.	.	.	.	.	.	.	.	.	.	.	.	.	.	.	.	.	.	.	.	.	.	.	.	.	.	.	.	.	.	.	.	.	.	.	.	.	.	.	.	.	.	.	.	.	.	.	.	.	.	.	.	.	.	.	.	.	.	.	.	.	.	.	.	.	.	.	.	.	.	.	.	.	.	.	.	.	.	.	.	.	.	.	.	.	.	.	.	.	.	.	.	.	.	.	.	.	.	.	.	.	.	.	.	.	.	.	.	.	.	.	.	.	.	.	.	.	.	.	.	.	.	.	.	.	.	.	.	.	.	.	.	.	.	.	.	.	.	.	.	.	.	.	.	.	.	.	.	.	.	.	.	.	.	.	.	.	.	.	.	.	.	.	.	.	.	.	.	.	.	.	.	.	.	.	.	.	.	.	.	.	.	.	.	.	.	.	.	.	.	.	.	.	.	.	.	.	.	.	.	.	.	.	.	.	.	.	.	.	.	.	.	.	.	.
P_CKDN230030146-1A_HGKHYDSX7_L2_Abricate_ecoli_vf.tsv	17	.	.	.	.	100.00	.	.	.	.	.	.	.	.	.	.	.	.	.	.	98.83	100.00	.	.	.	.	.	.	.	.	.	.	.	.	.	.	.	.	.	.	.	.	.	.	.	.	.	.	.	.	.	.	.	.	.	.	.	.	.	.	.	.	.	.	.	.	.	.	.	.	.	99.54	.	99.59	.	.	.	.	.	.	.	.	.	.	.	.	.	.	.	.	.	.	.	.	.	.	.	.	.	.	.	.	.	.	.	.	.	.	.	99.35	100.00	100.00	100.00	99.74	98.31	.	.	.	.	.	.	.	.	.	99.33	99.18	.	.	.	.	.	.	.	.	.	.	.	.	.	.	.	.	.	.	.	.	.	.	.	.	.	.	.	.	.	.	.	.	94.61	.	.	.	.	.	.	.	.	.	.	.	.	.	.	.	.	.	.	.	.	.	.	.	.	.	.	.	.	.	.	.	.	.	.	.	.	.	.	.	.	.	.	.	.	.	.	.	.	.	.	100.00	.	.	.	.	.	.	.	.	.	.	.	.	.	.	.	.	.	.	.	.	.	.	.	.	100.00	.	.	.	.	.	.	.	.	.	.	.	.	.	.	.	.	.	.	.	.	.	.	.	.	.	100.00	.	.	.	.	.	.	.	.	.	.	.	.	.	.	.	.	.	.	.	.	.	.	.	.	.	.	.	.	.	.	.	.	.	.	.	.	.	.	.	.	.	.	.	.	.	.	.	.	.	.	.	.	.	.	.	.	.	.	.	.	.	.	.	.	.	.	.	.
Q_CKDN230030147-1A_HGKHYDSX7_L2_Abricate_ecoli_vf.tsv	17	.	.	.	.	100.00	.	.	.	.	.	.	.	.	.	.	.	.	.	.	98.83	100.00	.	.	.	.	.	.	.	.	.	.	.	.	.	.	.	.	.	.	.	.	.	.	.	.	.	.	.	.	.	.	.	.	.	.	.	.	.	.	.	.	.	.	.	.	.	.	.	.	.	99.54	.	99.59	.	.	.	.	.	.	.	.	.	.	.	.	.	.	.	.	.	.	.	.	.	.	.	.	.	.	.	.	.	.	.	.	.	.	.	99.35	100.00	100.00	100.00	99.74	98.31	.	.	.	.	.	.	.	.	.	99.33	99.18	.	.	.	.	.	.	.	.	.	.	.	.	.	.	.	.	.	.	.	.	.	.	.	.	.	.	.	.	.	.	.	.	94.61	.	.	.	.	.	.	.	.	.	.	.	.	.	.	.	.	.	.	.	.	.	.	.	.	.	.	.	.	.	.	.	.	.	.	.	.	.	.	.	.	.	.	.	.	.	.	.	.	.	.	100.00	.	.	.	.	.	.	.	.	.	.	.	.	.	.	.	.	.	.	.	.	.	.	.	.	100.00	.	.	.	.	.	.	.	.	.	.	.	.	.	.	.	.	.	.	.	.	.	.	.	.	.	100.00	.	.	.	.	.	.	.	.	.	.	.	.	.	.	.	.	.	.	.	.	.	.	.	.	.	.	.	.	.	.	.	.	.	.	.	.	.	.	.	.	.	.	.	.	.	.	.	.	.	.	.	.	.	.	.	.	.	.	.	.	.	.	.	.	.	.	.	.
R_CKDN230030148-1A_HGKHYDSX7_L2_Abricate_ecoli_vf.tsv	196	.	.	.	.	.	.	.	.	.	100.00	.	.	.	88.76	.	.	.	.	.	.	100.00	100.00	.	.	.	.	.	.	.	92.59	.	.	.	.	.	.	.	100.00	100.00	100.00	100.00	100.00	100.00	.	.	.	.	.	.	.	.	.	.	.	.	.	.	100.00	100.00	100.00	.	100.00	100.00	.	.	.	100.00	100.00	.	.	.	.	100.00	100.00	.	94.37	100.00	100.00	100.00	100.00	100.00	100.00	100.00	100.00	100.00	100.00	100.00	.	.	.	.	.	.	.	.	.	.	100.00	.	99.35	100.00	100.00	100.00	100.00	100.00	100.00	.	100.00	100.00	100.00	100.00	100.00	.	100.00	100.00	99.90	.	.	.	.	.	.	.	100.00	100.00	100.00	100.00	100.00	99.28	100.00	100.00	99.55	100.00	99.15	99.91	100.00	100.00	99.70	100.00	100.00	100.00	99.94	100.00	.	.	100.00	.	.	99.94	100.00	.	.	.	.	100.00	100.00	100.00	100.00	100.00	100.00	100.00	100.00	100.00	100.00	100.00	100.00	100.00	100.00	100.00;100.00	100.00	100.00	100.00	100.00	100.00	100.00	100.00	100.00	100.00	100.00	100.00	100.00	100.00	100.00	100.00	99.90	100.00	100.00	100.00	100.00	100.00	100.00	100.00	100.00	100.00	100.00	100.00	100.00	100.00	100.00	100.00	100.00	100.00	100.00	100.00	100.00	100.00	100.00	98.63	100.00	100.00	100.00	.	100.00	100.00	100.00	100.00	100.00	100.00	100.00	100.00	100.00	100.00	100.00	100.00	.	.	99.91	.	100.00	100.00	100.00	100.00	100.00	.	.	.	100.00	100.00	100.00	100.00	100.00	.	.	99.68;100.00	.	.	.	.	.	.	.	100.00	.	.	100.00	100.00	.	100.00	100.00	.	.	100.00	99.77	.	.	.	.	.	.	.	.	.	.	.	.	.	.	.	100.00	100.00	99.77	100.00	99.84	100.00	100.00	100.00	.	91.84	100.00	100.00	100.00	100.00	100.00	100.00	100.00	100.00	100.00	100.00	100.00	100.00	.	99.83	100.00	100.00	.	.	.	.	.	.	.	.	.	.	100.00	100.00	100.00	100.00	100.00	100.00	100.00	99.87	100.00	98.98	100.00	100.00	100.00	.
S_CKDN230030149-1A_HGKHYDSX7_L2_Abricate_ecoli_vf.tsv	0	.	.	.	.	.	.	.	.	.	.	.	.	.	.	.	.	.	.	.	.	.	.	.	.	.	.	.	.	.	.	.	.	.	.	.	.	.	.	.	.	.	.	.	.	.	.	.	.	.	.	.	.	.	.	.	.	.	.	.	.	.	.	.	.	.	.	.	.	.	.	.	.	.	.	.	.	.	.	.	.	.	.	.	.	.	.	.	.	.	.	.	.	.	.	.	.	.	.	.	.	.	.	.	.	.	.	.	.	.	.	.	.	.	.	.	.	.	.	.	.	.	.	.	.	.	.	.	.	.	.	.	.	.	.	.	.	.	.	.	.	.	.	.	.	.	.	.	.	.	.	.	.	.	.	.	.	.	.	.	.	.	.	.	.	.	.	.	.	.	.	.	.	.	.	.	.	.	.	.	.	.	.	.	.	.	.	.	.	.	.	.	.	.	.	.	.	.	.	.	.	.	.	.	.	.	.	.	.	.	.	.	.	.	.	.	.	.	.	.	.	.	.	.	.	.	.	.	.	.	.	.	.	.	.	.	.	.	.	.	.	.	.	.	.	.	.	.	.	.	.	.	.	.	.	.	.	.	.	.	.	.	.	.	.	.	.	.	.	.	.	.	.	.	.	.	.	.	.	.	.	.	.	.	.	.	.	.	.	.	.	.	.	.	.	.	.	.	.	.	.	.	.	.	.	.	.	.	.	.	.	.	.	.	.	.	.	.	.	.	.	.	.	.	.	.	.	.	.
T_CKDN230030150-1A_HGKHYDSX7_L2_Abricate_ecoli_vf.tsv	166	.	.	.	.	.	.	.	.	.	.	.	.	.	.	.	.	.	.	.	.	100.00	100.00	.	.	.	.	.	.	.	.	100.00	.	.	.	.	100.00	100.00	100.00	.	.	.	.	100.00	.	.	.	.	100.00	100.00	100.00	100.00	100.00	.	.	.	.	.	.	.	100.00	.	.	100.00	100.00	100.00	.	99.79	.	.	.	.	.	100.00	100.00	.	.	.	.	.	.	.	100.00	100.00	100.00	100.00	100.00	100.00	.	.	.	.	.	.	.	.	.	.	.	.	99.35	100.00	100.00	100.00	100.00	100.00	100.00	.	.	100.00	100.00	100.00	100.00	.	100.00	.	.	.	.	.	.	.	.	.	100.00	100.00	100.00	100.00	100.00	99.28	100.00	100.00	100.00	100.00	99.15	99.82	100.00	100.00	100.00	100.00	100.00	100.00	100.00	99.92	.	.	99.93	.	.	99.94	.	.	.	.	.	100.00	100.00	100.00	100.00	100.00	100.00	100.00	100.00	100.00	100.00	100.00	100.00	100.00	100.00;100.00	100.00;100.00	100.00	99.70	100.00	100.00	100.00	100.00	100.00	100.00	100.00	100.00	100.00	100.00	100.00	100.00	100.00	99.90	100.00	100.00	100.00	100.00	100.00	.	100.00	100.00	100.00	100.00	100.00	100.00	100.00	100.00	100.00	100.00	100.00	100.00	100.00	100.00	100.00	100.00	100.00	100.00	100.00	100.00	.	100.00	.	.	.	100.00	100.00	100.00	100.00	100.00	100.00	100.00	100.00	100.00	.	98.86	99.95	100.00	100.00	100.00	99.93	100.00	.	.	.	.	.	.	.	.	.	.	.	.	.	.	.	.	.	.	100.00	.	.	100.00	100.00	.	100.00	100.00	.	100.00	100.00	100.00	.	.	.	.	.	.	.	.	.	.	.	.	.	.	.	100.00	100.00	99.77	100.00	99.84	100.00	100.00	100.00	.	100.00	100.00	100.00	100.00	.	.	.	.	.	.	.	.	100.00	100.00	.	.	.	.	.	.	.	.	.	.	.	.	.	100.00	100.00	100.00	100.00	100.00	100.00	100.00	99.87	100.00	98.98	100.00	100.00	.	.
W_CKDN230030151-1A_HGKHYDSX7_L2_Abricate_ecoli_vf.tsv	0	.	.	.	.	.	.	.	.	.	.	.	.	.	.	.	.	.	.	.	.	.	.	.	.	.	.	.	.	.	.	.	.	.	.	.	.	.	.	.	.	.	.	.	.	.	.	.	.	.	.	.	.	.	.	.	.	.	.	.	.	.	.	.	.	.	.	.	.	.	.	.	.	.	.	.	.	.	.	.	.	.	.	.	.	.	.	.	.	.	.	.	.	.	.	.	.	.	.	.	.	.	.	.	.	.	.	.	.	.	.	.	.	.	.	.	.	.	.	.	.	.	.	.	.	.	.	.	.	.	.	.	.	.	.	.	.	.	.	.	.	.	.	.	.	.	.	.	.	.	.	.	.	.	.	.	.	.	.	.	.	.	.	.	.	.	.	.	.	.	.	.	.	.	.	.	.	.	.	.	.	.	.	.	.	.	.	.	.	.	.	.	.	.	.	.	.	.	.	.	.	.	.	.	.	.	.	.	.	.	.	.	.	.	.	.	.	.	.	.	.	.	.	.	.	.	.	.	.	.	.	.	.	.	.	.	.	.	.	.	.	.	.	.	.	.	.	.	.	.	.	.	.	.	.	.	.	.	.	.	.	.	.	.	.	.	.	.	.	.	.	.	.	.	.	.	.	.	.	.	.	.	.	.	.	.	.	.	.	.	.	.	.	.	.	.	.	.	.	.	.	.	.	.	.	.	.	.	.	.	.	.	.	.	.	.	.	.	.	.	.	.	.	.	.	.	.	.	.
Y_CKDN230030152-1A_HGKHYDSX7_L2_Abricate_ecoli_vf.tsv	170	.	.	.	.	.	.	.	.	.	.	.	.	.	.	.	.	.	.	.	.	100.00	100.00	.	.	.	.	.	.	.	.	.	.	.	100.00	.	100.00	100.00	100.00	.	.	.	.	100.00	.	.	.	.	100.00	100.00	100.00	100.00	100.00	100.00	100.00	100.00	100.00	100.00	100.00	80.27	100.00	.	.	100.00	100.00;100.00	100.00	.	99.79	100.00	.	.	.	.	100.00	100.00	.	.	.	.	.	.	.	100.00	100.00	100.00	100.00	100.00	100.00	.	.	.	.	.	.	.	.	100.00	100.00	.	.	99.35	100.00	100.00	100.00	100.00	100.00	100.00	.	.	100.00	.	100.00	.	100.00	100.00	.	.	.	.	.	.	.	.	.	100.00	100.00	100.00	100.00	.	99.28	93.61;93.53	.	100.00	100.00;100.00	94.02;93.80	.	100.00	100.00	100.00	100.00	100.00	100.00	100.00	84.16	.	.	.	.	.	.	.	99.87	100.00	.	.	100.00	100.00	.	100.00	.	100.00	100.00	100.00	100.00	100.00	100.00	95.37	100.00	100.00;100.00	100.00;100.00	.	99.70	100.00	100.00	100.00	100.00	100.00	100.00	100.00	100.00	100.00	100.00	100.00	100.00	100.00	99.90	100.00	100.00	100.00	100.00	80.69	.	100.00	100.00;100.00	100.00;92.95	100.00;100.00	100.00;100.00	100.00;99.64	100.00;100.00	100.00;100.00	100.00	92.34;92.24	100.00;100.00	100.00;100.00	100.00;100.00	100.00;100.00	100.00;99.75	.	100.00	82.02;82.02	95.07;94.90	100.00	.	88.63	100.00	100.00	100.00	99.92	100.00	100.00	100.00	100.00	100.00	100.00	88.45	100.00	100.00	100.00	99.95	.	100.00	100.00	99.93	100.00	.	.	.	.	.	.	.	.	.	.	.	.	.	.	.	.	.	.	.	.	.	.	100.00	.	93.01	100.00	.	100.00	100.00	100.00	.	.	.	.	.	.	.	.	.	.	.	.	.	.	.	100.00	100.00	99.77	100.00	99.84	100.00	100.00	100.00	.	100.00	100.00	100.00	100.00	.	.	.	.	.	.	.	.	.	100.00	.	.	.	.	.	.	.	.	.	.	.	.	.	100.00	100.00	100.00	100.00	100.00	100.00	100.00	99.87	100.00	98.98	100.00	100.00	100.00	100.00
Z_CKDN230030153-1A_HGKHYDSX7_L2_Abricate_ecoli_vf.tsv	150	.	.	.	.	.	.	.	.	.	.	.	.	.	.	.	.	.	.	.	.	100.00	.	.	.	.	.	.	.	.	.	.	.	.	100.00	.	100.00	100.00	100.00	.	.	.	.	100.00	.	.	100.00	.	100.00	100.00	100.00	100.00	100.00	100.00	100.00	100.00	100.00	100.00	100.00	80.27	100.00	.	.	100.00	100.00	.	.	.	100.00	.	.	.	.	100.00	.	.	.	.	.	.	.	.	100.00	100.00	100.00	100.00	100.00	100.00	.	.	.	.	.	.	.	.	.	100.00	.	.	99.35	100.00	100.00	100.00	100.00	100.00	100.00	.	.	100.00	100.00	100.00	100.00	100.00	100.00	.	.	.	.	.	.	.	.	.	100.00	100.00	100.00	100.00	100.00	99.28	100.00	.	.	100.00	99.15	.	.	.	.	.	100.00	100.00	100.00	84.08	.	.	100.00	.	.	99.94	.	99.87	100.00	.	.	.	100.00	100.00	100.00	100.00	100.00	100.00	100.00	.	.	.	.	.	100.00;100.00	100.00;100.00	.	.	100.00	100.00	100.00	100.00	100.00	100.00	100.00	100.00	100.00	100.00	100.00	100.00	100.00	99.90	100.00	100.00	100.00	100.00	100.00	.	.	100.00	100.00	100.00	100.00	99.64	100.00	100.00	100.00	100.00	100.00	100.00	100.00	100.00	99.75	100.00	100.00	100.00	100.00	100.00	.	100.00	100.00	100.00	100.00	99.92	100.00	100.00	100.00	100.00	100.00	100.00	100.00	100.00	100.00	100.00	.	100.00	100.00	100.00	99.93	100.00	.	.	.	.	.	.	.	.	.	.	.	.	.	.	.	.	.	.	.	.	.	100.00	100.00	.	100.00	100.00	.	.	.	.	.	.	.	.	.	.	.	.	.	.	.	.	.	.	.	.	.	.	.	.	.	.	.	.	100.00	100.00	100.00	100.00	.	.	.	.	.	.	.	.	100.00	.	.	.	.	.	100.00	.	.	.	.	.	.	.	.	100.00	100.00	100.00	100.00	100.00	100.00	100.00	99.87	100.00	.	.	100.00	100.00	100.00
